Source;Target;weight
Richard LP;Feedback;1
RAD;Feedback;8
masematte;FlashBoy;1
wcmiker;Main Virtual Boy Discussion;9
Geo12;Main Virtual Boy Discussion;3
10YLL;Main Virtual Boy Discussion;2
Strangler;Main Virtual Boy Discussion;14
norsk kriger;Main Virtual Boy Discussion;3
clonecman;Main Virtual Boy Discussion;8
David cho;Main Virtual Boy Discussion;5
Parasyte;Marketplace;5
Virtual_Ben;Marketplace;2
virtualboyfreak;Marketplace;3
nensondubois;Offtopic;1
Autofaker;PVB Coding Competition 2008;1
trueskins;PVB Coding Competition 2010;1
Fiend-o-Hell;Virtual Boy Development Board;5
FAHQALL;Virtual Boy Development Board;1
Mr.Anon;Virtual Boy Development Board;3
UHATEIT;FlashBoy;6
Chris;FlashBoy;2
Protoman85;FlashBoy;6
Fire-WSP;Main Virtual Boy Discussion;75
skeg64;Main Virtual Boy Discussion;1
JackLeather;Main Virtual Boy Discussion;3
MasterOfPuppets;Marketplace;2
alunnaheel;Marketplace;3
Kompressor;Offtopic;1
Morintari;PVB Coding Competition 2010;1
FaZyCrUcK;Virtual Boy Development Board;10
azila;Virtual Boy Development Board;1
VRZone;Feedback;3
VBabe86;Feedback;7
Dinniz;Feedback;1
Cruz40;FlashBoy;2
Troma;FlashBoy;1
Spindick;Main Virtual Boy Discussion;1
Fanatic Crisis;Main Virtual Boy Discussion;3
dave4shmups;Main Virtual Boy Discussion;1
J;Main Virtual Boy Discussion;1
Karnalg;Main Virtual Boy Discussion;3
belinoreis;Marketplace;1
Arvester;Offtopic;8
Zubari95;PVB Coding Competition 2010;3
VBlover;PVB Coding Competition 2010;2
Guy Perfect;PVB Coding Competition 2013;19
StealthNinjaScyther;Virtual Boy Development Board;5
Samuel;Virtual Boy Development Board;10
Benjamin Stevens;Feedback;16
Diego;Feedback;1
towersmaster;Feedback;1
Reel Big Fish;FlashBoy;2
Wario;FlashBoy;1
MegaSilverX1;Main Virtual Boy Discussion;51
VivaLaVirtualBoy;Main Virtual Boy Discussion;18
MasterOfPuppets;Main Virtual Boy Discussion;59
rubengar;Main Virtual Boy Discussion;4
Jack.;Main Virtual Boy Discussion;20
Nosna;Main Virtual Boy Discussion;19
Dr.Crackers;Main Virtual Boy Discussion;22
Ringman;Main Virtual Boy Discussion;2
ACressman89;Main Virtual Boy Discussion;2
Monster;Main Virtual Boy Discussion;1
tcr9315;Marketplace;4
virtualboyfreak;Offtopic;19
Fire-WSP;Offtopic;5
Craby;PVB Coding Competition 2013;3
LS650;Virtual Boy Development Board;3
willsg1977;Virtual Boy Development Board;1
Neskid;Virtual Boy Development Board;1
Yeti3D;Virtual Boy Development Board;1
Willy105;FlashBoy;3
cr1901;FlashBoy;1
shiro_akechi;Main Virtual Boy Discussion;12
Starfox;Main Virtual Boy Discussion;3
VBabe86;Offtopic;7
John E Bravo;Offtopic;4
LeusteanVB;Offtopic;2
speedy;Offtopic;1
Robert Molander;Virtual Boy Development Board;8
ThatOtherDan;Virtual Boy Development Board;1
Maraakate;Virtual Boy Development Board;1
norty;Virtual Boy Development Board;1
albersan;Feedback;1
Seam;Main Virtual Boy Discussion;30
Algoon;Main Virtual Boy Discussion;4
johnme;Main Virtual Boy Discussion;1
VirtualMan!;Main Virtual Boy Discussion;3
wizard;Main Virtual Boy Discussion;15
nmalinoski;Main Virtual Boy Discussion;2
OneSwoodGuy;Main Virtual Boy Discussion;4
Jan;Main Virtual Boy Discussion;1
racerx;Offtopic;4
sho-sa;Feedback;1
Thomas Brenner;Feedback;1
Craby;FlashBoy;4
Parasyte;Main Virtual Boy Discussion;7
doesbenfoldfive;Main Virtual Boy Discussion;11
sirhcman;Main Virtual Boy Discussion;2
One Punch Man;Main Virtual Boy Discussion;6
Shkunk;Marketplace;1
Rich;Marketplace;2
One Punch Man;Marketplace;1
Splain;Offtopic;3
TheNix;Virtual Boy Development Board;6
Gerhard Schweizer;Feedback;1
famiac;Main Virtual Boy Discussion;3
peyo;Main Virtual Boy Discussion;2
procyon;Main Virtual Boy Discussion;1
ter3;Main Virtual Boy Discussion;3
thunderstruck;Marketplace;51
Baptist;Marketplace;26
lopingg;Marketplace;6
Nosna;Marketplace;3
Nya;Marketplace;4
Kira;Offtopic;2
Benjamin Stevens;Virtual Boy Development Board;158
tetris911;Virtual Boy Development Board;3
d.r mario;Feedback;1
Dor-Si;FlashBoy;5
HorvatM;Main Virtual Boy Discussion;250
dogeymon;Main Virtual Boy Discussion;2
Jacob;Main Virtual Boy Discussion;1
duey2k;Main Virtual Boy Discussion;1
gast;Main Virtual Boy Discussion;1
superduperdrew;Main Virtual Boy Discussion;1
shenmueso;Marketplace;8
Kyrushi;Marketplace;2
InactiveX;Marketplace;13
RetroDan;Marketplace;3
DanB;PVB Coding Competition 2010;11
Wyndcrosser;PVB Coding Competition 2013;8
hkdio;FlashBoy;1
ziggaboogi;Main Virtual Boy Discussion;12
GabrielHanson2000;Main Virtual Boy Discussion;25
SuperMew98;Main Virtual Boy Discussion;7
george;Main Virtual Boy Discussion;1
player2000;Main Virtual Boy Discussion;1
TheForce81;Marketplace;35
Marulu;Offtopic;4
DaVince;VB Dev Repository;1
JackFost;Virtual Boy Development Board;5
Alex;Feedback;2
footwo;FlashBoy;1
jasonbar;Main Virtual Boy Discussion;8
sillyzombie666;Main Virtual Boy Discussion;20
Spacehead;Main Virtual Boy Discussion;1
ulao;Main Virtual Boy Discussion;5
Poopy;Main Virtual Boy Discussion;1
Protoman85;Marketplace;13
Virtual Pat;Marketplace;2
NamelessFPG;Offtopic;5
Richard LP;Offtopic;3
TheForce81;PVB Coding Competition 2010;4
mbuchman;Virtual Boy Development Board;34
VivaLaVirtualBoy;Feedback;2
Chris;Feedback;1
chrisideluxe22;Feedback;1
Kuhnaydeein;Feedback;1
litephiter;FlashBoy;2
Protons;FlashBoy;1
HoMenace;Main Virtual Boy Discussion;68
mutchop;Main Virtual Boy Discussion;4
Fabrizo;Main Virtual Boy Discussion;1
HorvatM;Marketplace;2
colesonwilson;Offtopic;4
_shameless_;Offtopic;5
enfilade;PVB Coding Competition 2013;1
Wyndcrosser;Virtual Boy Development Board;43
Deadly-D;Virtual Boy Development Board;14
kurtori;Virtual Boy Development Board;1
VirtualBoyYokoi;Virtual Boy Development Board;1
Manwe;FlashBoy;3
DogP;FlashBoy;19
Guy Perfect;Main Virtual Boy Discussion;112
Vulpes;Main Virtual Boy Discussion;18
shistos;Main Virtual Boy Discussion;4
virtual boy 2k;Main Virtual Boy Discussion;4
gladders;Main Virtual Boy Discussion;8
Nirwana;Main Virtual Boy Discussion;1
RileyVB;Main Virtual Boy Discussion;8
Akuma632;Main Virtual Boy Discussion;1
DrafT_PunK;Main Virtual Boy Discussion;1
64BitMatthew;Marketplace;3
Neil;Marketplace;1
josephmalenkov;Offtopic;3
Mintor;FlashBoy;1
DaytonaUSA;FlashBoy;2
akumie;Main Virtual Boy Discussion;149
ntcmpjg;Main Virtual Boy Discussion;2
Schwanck;Marketplace;1
Vorpal;Feedback;1
Thomas Rode;Feedback;1
Mycah;FlashBoy;1
OzzySan;FlashBoy;1
racerx;Main Virtual Boy Discussion;5
JohnSReid;Main Virtual Boy Discussion;1
VBrulez;Marketplace;5
DarrylFC;Marketplace;6
cr1901;Offtopic;3
thunderstruck;PVB Coding Competition 2013;49
HorvatM;PVB Coding Competition 2013;9
Silicon;Virtual Boy Development Board;1
juggaloman09;Virtual Boy Development Board;1
Guest;Feedback;2
madgolfertom;Feedback;1
VirtuousRage;Feedback;3
Italian Boy;Feedback;1
Vaughanabe13;Feedback;4
Magus;FlashBoy;1
XJaPaN;FlashBoy;1
Big Bank Hank;Main Virtual Boy Discussion;3
Richard LP;Main Virtual Boy Discussion;50
tetrisgrammaton;Main Virtual Boy Discussion;3
mouser;Main Virtual Boy Discussion;1
sea_man;Main Virtual Boy Discussion;2
skeptik82;Marketplace;2
xenon;PVB Coding Competition 2010;2
Steve;Virtual Boy Development Board;1
Supa~Squrriel;Virtual Boy Development Board;1
chicgamer;Virtual Boy Development Board;1
segagamer99;Virtual Boy Development Board;21
Dietmar;Feedback;1
virtual boy liker;Feedback;1
carlo3do;FlashBoy;1
fxyjenna89;FlashBoy;2
Cosmoliner;FlashBoy;1
nintendodork;Main Virtual Boy Discussion;2
AdamDud;Main Virtual Boy Discussion;4
Planlos1988;Main Virtual Boy Discussion;2
Sad, little man;Main Virtual Boy Discussion;3
Buck Russell;Main Virtual Boy Discussion;2
StereoBoy;Marketplace;2
Cosmoliner;Offtopic;8
Syder;Offtopic;1
gunpeiyokoifan;PVB Coding Competition 2008;1
speedyink;Virtual Boy Development Board;71
Reel Big Fish;Virtual Boy Development Board;2
Yeti_dude;Virtual Boy Development Board;18
RunnerPack;Feedback;104
Matthew Callis;FlashBoy;1
Virtualboy [Swe];FlashBoy;4
coupe_sherm;Main Virtual Boy Discussion;12
Mysticmaus;Main Virtual Boy Discussion;13
DaG;Main Virtual Boy Discussion;3
tyler;Main Virtual Boy Discussion;2
Andyfell;Main Virtual Boy Discussion;2
syncophono;Main Virtual Boy Discussion;4
retro gamer;Main Virtual Boy Discussion;1
emul8this;Main Virtual Boy Discussion;2
r05sco;Marketplace;1
XJaPaN;Offtopic;8
L___E___T;Feedback;1
akarigu;FlashBoy;1
Alucard;FlashBoy;1
GabrielHanson2000;FlashBoy;1
Steve;Main Virtual Boy Discussion;13
AtariBorn;Main Virtual Boy Discussion;1
Camera;Main Virtual Boy Discussion;15
Nessie;Main Virtual Boy Discussion;1
VueMaster;Main Virtual Boy Discussion;1
Dr.Crackers;Marketplace;6
lostwithin;Marketplace;2
bigmak;PVB Coding Competition 2008;2
VBRetroGamer;Virtual Boy Development Board;1
mathew;Virtual Boy Development Board;3
renardqueenston;Feedback;1
Dr.Crackers;Feedback;2
blcklblskt;FlashBoy;1
Virtual_Ben;Main Virtual Boy Discussion;16
Mr. G;Main Virtual Boy Discussion;72
Levine91;Marketplace;2
ciderman;Offtopic;3
Vender;Offtopic;1
Agent2112;Offtopic;1
VBrulez;PVB Coding Competition 2010;2
FragHeadFred;Virtual Boy Development Board;1
BigScheaf;Virtual Boy Development Board;2
Angry_Sun;Feedback;10
madmax;Feedback;2
Steril707;Feedback;2
HoMenace;FlashBoy;8
Greg Stevens;Main Virtual Boy Discussion;8
virtualn00b;Main Virtual Boy Discussion;2
Ayce;Main Virtual Boy Discussion;16
Okonomiyaki;Marketplace;7
Dreammary;PVB Coding Competition 2013;7
DogP;Virtual Boy Development Board;491
vuefinder83;Virtual Boy Development Board;6
Andrew Nguyen;Feedback;1
Blombi;Feedback;1
Vectrexer;FlashBoy;11
wazzal;Main Virtual Boy Discussion;52
SuperCorey;Main Virtual Boy Discussion;2
crispe;Marketplace;2
StereoBoy;Offtopic;3
KJ4860;PVB Coding Competition 2010;4
HP Lovethrash;PVB Coding Competition 2013;2
MOLINASON;Virtual Boy Development Board;1
erictiernan;Virtual Boy Development Board;1
Protons;Virtual Boy Development Board;1
1Up;Feedback;1
Alfissta;FlashBoy;9
Kirbendo;Main Virtual Boy Discussion;11
Arvester;Main Virtual Boy Discussion;37
StereoBoy;Main Virtual Boy Discussion;27
badboybubby;Main Virtual Boy Discussion;22
LordRayken;Main Virtual Boy Discussion;15
Richard;Main Virtual Boy Discussion;7
robski;Marketplace;1
Raverrevolution;Marketplace;1
Slainte;Offtopic;1
Opeth;Offtopic;2
DanB;PVB Coding Competition 2013;10
realyst;Virtual Boy Development Board;1
BigHead;Virtual Boy Development Board;1
jasonbar;Virtual Boy Development Board;2
jaku;FlashBoy;3
RareGameCollector;FlashBoy;1
astro187;Main Virtual Boy Discussion;57
Vender;Main Virtual Boy Discussion;4
mimix;Main Virtual Boy Discussion;1
Chris2;Marketplace;2
Raverrevolution;Offtopic;3
VBmills;PVB Coding Competition 2010;1
Mysticmaus;Virtual Boy Development Board;4
Carsten;Feedback;1
DisizDream;FlashBoy;3
Tints;FlashBoy;1
StarshipUK;FlashBoy;4
tydyedsyko;FlashBoy;1
MockyLock;Main Virtual Boy Discussion;3
kmksoulja;Main Virtual Boy Discussion;1
seekaseeka;Marketplace;7
Daniel Reimer;Marketplace;2
Japon.se;Offtopic;1
VectrexRoli;PVB Coding Competition 2008;1
Knightcrawler;Virtual Boy Development Board;7
FuriousJorge;Virtual Boy Development Board;12
KJ4860;FlashBoy;17
mawa;FlashBoy;2
MrSci-Fi;Main Virtual Boy Discussion;5
ManaSmack;Main Virtual Boy Discussion;5
gilgamesh;Main Virtual Boy Discussion;1
realwws;Main Virtual Boy Discussion;23
WhiteSpyder;Main Virtual Boy Discussion;3
anothercastle;Main Virtual Boy Discussion;2
jcdoe;Main Virtual Boy Discussion;2
babbygirl;Main Virtual Boy Discussion;1
Bidule17;Main Virtual Boy Discussion;5
Xatu;Marketplace;2
njkauto1;Offtopic;2
GasMasksOfThePast;PVB Coding Competition 2013;1
RunnerPack;Virtual Boy Development Board;456
rancidskater;Virtual Boy Development Board;1
Teffani;Feedback;1
zeromous;FlashBoy;1
Elrinth;FlashBoy;1
mbuchman;Main Virtual Boy Discussion;59
shenmueso;Main Virtual Boy Discussion;32
realyst;Main Virtual Boy Discussion;20
seffers007;Main Virtual Boy Discussion;1
Wario;Main Virtual Boy Discussion;5
bahooney;Offtopic;1
akumie;PVB Coding Competition 2008;24
dasi;Virtual Boy Development Board;94
Fwirt;Virtual Boy Development Board;95
Thunder Fist;Virtual Boy Development Board;1
Virtual Boy Freak;Feedback;1
danny;FlashBoy;1
segagamer99;Main Virtual Boy Discussion;85
jojobean;Main Virtual Boy Discussion;169
LotsaSpaghetti;Main Virtual Boy Discussion;10
TheSmJ;Main Virtual Boy Discussion;5
LarsHudec;Main Virtual Boy Discussion;1
RAD;Main Virtual Boy Discussion;15
Phil;Main Virtual Boy Discussion;4
fernando vba master;Main Virtual Boy Discussion;1
darkchaosblast;Main Virtual Boy Discussion;2
Max;Marketplace;1
8bitmatt;Offtopic;4
slicerd;Offtopic;1
VectrexRoli;PVB Coding Competition 2013;7
Sidepocket;Virtual Boy Development Board;2
Zimbabwe;Feedback;1
Alex uwu;Main Virtual Boy Discussion;2
Dimentia;Main Virtual Boy Discussion;1
fallenzephir;Main Virtual Boy Discussion;5
terrisus;Main Virtual Boy Discussion;1
MarioSonic;Main Virtual Boy Discussion;2
Philipxb;Marketplace;8
marky242;Marketplace;1
LordRayken;Marketplace;2
VirtualMan!;Offtopic;1
Ayce;Offtopic;1
tom9358;Virtual Boy Development Board;1
ryucheese;Virtual Boy Development Board;1
Brian Hodges;Main Virtual Boy Discussion;3
-BB-;Main Virtual Boy Discussion;1
bitxero;Offtopic;6
mbuchman;PVB Coding Competition 2010;1
shiro_akechi;Virtual Boy Development Board;1
Hedgetrimmer;Virtual Boy Development Board;29
fAx;Feedback;1
TheretroGameboy;FlashBoy;1
Reel Big Fish;Main Virtual Boy Discussion;38
Mednafen;Main Virtual Boy Discussion;4
MisterBull;Main Virtual Boy Discussion;5
goo3r;Main Virtual Boy Discussion;1
xX760Xx;Main Virtual Boy Discussion;2
LilRocky;Main Virtual Boy Discussion;2
NintendoMB;Main Virtual Boy Discussion;5
vickpena;Main Virtual Boy Discussion;1
CrackShoot;Main Virtual Boy Discussion;3
John E Bravo;Marketplace;1
bart711;Marketplace;1
MatthewMcGrath;Marketplace;3
ThaChizzler;Marketplace;1
rdk123;Offtopic;1
Greg Stevens;Virtual Boy Development Board;78
jojobean;Virtual Boy Development Board;19
Matthew Callis;Virtual Boy Development Board;7
Cornholio;FlashBoy;4
archimage;FlashBoy;1
speedyink;Main Virtual Boy Discussion;547
Trev;Main Virtual Boy Discussion;24
pocket;Main Virtual Boy Discussion;26
RandomNumbersGuy;Main Virtual Boy Discussion;3
nvchad2;Main Virtual Boy Discussion;3
xs4all;Main Virtual Boy Discussion;3
Eric;Main Virtual Boy Discussion;1
brunorog;Marketplace;2
haaze707;Offtopic;1
MAXLEFOU;Offtopic;19
jasonbar;Offtopic;6
GeoAnas;Offtopic;1
Hadhod;Offtopic;1
virtualboyke;Offtopic;1
Neon Gaming;Virtual Boy Development Board;3
manicfoot;Feedback;1
DrEvil;Main Virtual Boy Discussion;19
DanB;Main Virtual Boy Discussion;136
_shameless_;Main Virtual Boy Discussion;6
dantebk;Main Virtual Boy Discussion;4
gwyndion;Main Virtual Boy Discussion;1
Kooper;Main Virtual Boy Discussion;1
MortoffGames;Main Virtual Boy Discussion;4
Slappy;Main Virtual Boy Discussion;1
drunkencat;Marketplace;2
drsreym;Marketplace;1
Superkamiguru72;Marketplace;5
Kyrushi;Virtual Boy Development Board;1
Italian Boy;Virtual Boy Development Board;4
El Borto;Virtual Boy Development Board;2
Axs;Feedback;3
wiidata.net;Feedback;1
Gabriel;Feedback;1
Justin Hayabusa;FlashBoy;2
NathanBarnatt;FlashBoy;1
Core_Demon;Main Virtual Boy Discussion;1
Alexwilkins;Marketplace;3
Billy;Marketplace;7
jorgeche;PVB Coding Competition 2008;38
adler_0;Virtual Boy Development Board;12
jorgeche;Virtual Boy Development Board;141
Bomberman94;Virtual Boy Development Board;3
ABSENTminded;Virtual Boy Development Board;2
3Dhardcore;Virtual Boy Development Board;2
Fwirt;Feedback;9
Games Galaxy;Feedback;1
modeltfordman;Feedback;1
VBmills;FlashBoy;16
e5frog;FlashBoy;21
StrayFelisCatus;FlashBoy;1
Dave_;FlashBoy;3
astro187;FlashBoy;2
Karnalg;FlashBoy;2
Koteshi;Main Virtual Boy Discussion;23
83skillz;Main Virtual Boy Discussion;8
Andy B;Main Virtual Boy Discussion;3
Samuel;Main Virtual Boy Discussion;14
lklunder;Main Virtual Boy Discussion;1
TheMetalBeast;Main Virtual Boy Discussion;1
FearTheDodo;Main Virtual Boy Discussion;1
nusilver;Main Virtual Boy Discussion;1
vbsteffel;Offtopic;23
virtual boy 2k;Offtopic;4
DENNIS;Virtual Boy Development Board;1
tomaitheous;Virtual Boy Development Board;1
Sam Murdock;Feedback;3
CrU553;Feedback;2
boons;FlashBoy;1
virtualboyfreak;Main Virtual Boy Discussion;131
litephiter;Main Virtual Boy Discussion;20
shadowtek;Main Virtual Boy Discussion;1
unstablewarpfield;Main Virtual Boy Discussion;4
ThatOtherDan;Main Virtual Boy Discussion;1
olle;Main Virtual Boy Discussion;1
Tets;Main Virtual Boy Discussion;1
Heppner;Offtopic;6
VBlover;Offtopic;1
blcklblskt;PVB Coding Competition 2008;2
Seppatoni;Feedback;1
DCFreak;FlashBoy;1
bahooney;Main Virtual Boy Discussion;12
olanmills;Main Virtual Boy Discussion;2
Gaunab;Main Virtual Boy Discussion;1
chicgamer;Main Virtual Boy Discussion;4
UncleGramps;Main Virtual Boy Discussion;1
ongikong;Main Virtual Boy Discussion;2
CZroe;Main Virtual Boy Discussion;4
Camera;Marketplace;2
Glover;Offtopic;12
Kirbendo;Offtopic;3
Karnalg;Offtopic;3
StereoBoy;Virtual Boy Development Board;16
Sunkan;Virtual Boy Development Board;1
MasterOfPuppets;FlashBoy;4
HtheB;FlashBoy;1
injection18;FlashBoy;1
FeistyGirl;FlashBoy;3
remaxx;Main Virtual Boy Discussion;6
danielps;Main Virtual Boy Discussion;2
Vectrexer;Marketplace;7
strudders;Marketplace;1
VectrexRoli;Offtopic;9
Tack;Offtopic;2
xl443;PVB Coding Competition 2008;2
elreins;Virtual Boy Development Board;1
Jadepicnic;Virtual Boy Development Board;1
enfilade;Feedback;1
Nox;FlashBoy;1
MockyLock;FlashBoy;6
robbievgb;FlashBoy;1
meshounah;Main Virtual Boy Discussion;2
TheTeaGuy;Main Virtual Boy Discussion;2
Vrfan;Main Virtual Boy Discussion;7
frostyboy;Main Virtual Boy Discussion;1
Kentendo;Main Virtual Boy Discussion;2
how do u get virtual boy advan;Main Virtual Boy Discussion;1
Hastin;Main Virtual Boy Discussion;1
ttc817;Main Virtual Boy Discussion;1
TerryJ;Offtopic;5
Person;Virtual Boy Development Board;1
NR20;Virtual Boy Development Board;1
3D in red;Feedback;1
BrandoN GothiK;Feedback;1
SQX;Feedback;1
M-A-D-M-A-X;Feedback;1
GrimBeaver;FlashBoy;1
Robert Molander;Main Virtual Boy Discussion;97
josephmalenkov;Main Virtual Boy Discussion;2
andy b;Main Virtual Boy Discussion;1
colb;Main Virtual Boy Discussion;15
whataboigah;Main Virtual Boy Discussion;2
lilhalfdead;Main Virtual Boy Discussion;2
Xinorok;Marketplace;6
Jacob;Marketplace;1
OzzySan;Marketplace;1
Cobra71;Offtopic;7
DocAetzn;Offtopic;14
SuperRetroBrosBlog;Offtopic;8
jrronimo;PVB Coding Competition 2013;11
trueskins;Virtual Boy Development Board;8
Willy105;Virtual Boy Development Board;1
modeltfordman;Virtual Boy Development Board;1
Virtual_Link;Feedback;1
svenk91;FlashBoy;9
Virtual;Main Virtual Boy Discussion;1
Jason Reck;Main Virtual Boy Discussion;1
nensondubois;Main Virtual Boy Discussion;20
Mr Tom Ato;Main Virtual Boy Discussion;1
Gerrhod;Main Virtual Boy Discussion;11
oldskoolmodderguy;Main Virtual Boy Discussion;6
Nick;Marketplace;1
RpgCollector;Marketplace;3
BenRPG;Marketplace;14
DogP;Offtopic;57
Craby;PVB Coding Competition 2010;2
Benjamin Stevens;PVB Coding Competition 2013;5
virtualnoob;PVB Coding Competition 2013;1
edracon;Virtual Boy Development Board;2
czar_h;Virtual Boy Development Board;6
cualquiercosa327;Virtual Boy Development Board;7
Fwow13;Virtual Boy Development Board;2
cr1901;Feedback;1
Fire-WSP;FlashBoy;1
brizio;FlashBoy;1
megax9;FlashBoy;1
Espiox;FlashBoy;1
3DBoyColor;Main Virtual Boy Discussion;162
mips5000;Main Virtual Boy Discussion;13
VirtualRolf;Main Virtual Boy Discussion;13
Unclemeat;Main Virtual Boy Discussion;1
L___E___T;Offtopic;47
xenon;Virtual Boy Development Board;4
ACiD;Virtual Boy Development Board;1
NamelessFPG;Virtual Boy Development Board;2
Thehecter;Virtual Boy Development Board;1
3DBoyColor;Feedback;8
TheCamel;FlashBoy;1
Dreammary;Main Virtual Boy Discussion;321
sw201444;Main Virtual Boy Discussion;27
Lance Barret;Main Virtual Boy Discussion;13
tetris911;Main Virtual Boy Discussion;18
suzushu;Main Virtual Boy Discussion;1
Shizbah;Main Virtual Boy Discussion;2
SkullAndXBones;Main Virtual Boy Discussion;1
rklok;Main Virtual Boy Discussion;2
VirtualRolf;Marketplace;15
vbsteffel;Marketplace;13
Elrinth;Virtual Boy Development Board;4
HollowedEmpire;Virtual Boy Development Board;20
Bauer Florian;Feedback;1
MineStorm;FlashBoy;55
lastkill3r;FlashBoy;3
virtualnoob;FlashBoy;2
DevilsAvocado;Main Virtual Boy Discussion;14
S7AYONTARGE7;Main Virtual Boy Discussion;21
kwk;Main Virtual Boy Discussion;1
samus;Main Virtual Boy Discussion;1
DaytonaUSA;Main Virtual Boy Discussion;36
pollo20x6;Main Virtual Boy Discussion;16
MrOwl;Main Virtual Boy Discussion;1
REDRUM666;Main Virtual Boy Discussion;7
KingDedede;Main Virtual Boy Discussion;1
SamIAm;Main Virtual Boy Discussion;2
colesonwilson;Marketplace;10
gameboy;Marketplace;1
KR155E;Offtopic;83
LS650;Offtopic;1
jojobean;PVB Coding Competition 2008;5
Camera;Virtual Boy Development Board;2
moog;Feedback;1
KR155E;FlashBoy;177
sjp2;Main Virtual Boy Discussion;3
game freak;Main Virtual Boy Discussion;3
DanB;Marketplace;6
Twingatz;Marketplace;1
Johnny365;Marketplace;3
ZeldaFan042;Marketplace;1
Virtual_Ben;Offtopic;7
VirtualE;PVB Coding Competition 2008;1
VBK2889;Virtual Boy Development Board;2
mathew;Feedback;1
andy;Feedback;1
brunorog;FlashBoy;2
tcr9315;FlashBoy;4
Italian Boy;FlashBoy;3
sunuv;Main Virtual Boy Discussion;6
andy[w];Main Virtual Boy Discussion;4
jaytee81;Main Virtual Boy Discussion;2
pm5k00;Main Virtual Boy Discussion;1
TopHatGamingMan;Main Virtual Boy Discussion;2
1upped;Main Virtual Boy Discussion;3
Cosmoterran;Marketplace;1
VirtualJockey;Marketplace;1
kim293;Offtopic;1
Sir William;Virtual Boy Development Board;1
andresfc;Virtual Boy Development Board;5
Black&Red;Virtual Boy Development Board;1
konsolenfan;Feedback;1
decayedmatter;Main Virtual Boy Discussion;13
AndrewW;Main Virtual Boy Discussion;11
Konner;Main Virtual Boy Discussion;1
speedyink;Marketplace;71
Esememon;Marketplace;1
RadioClash;Marketplace;1
Protoman85;PVB Coding Competition 2013;7
retronintendonerd;Virtual Boy Development Board;14
VirtualHomsar12;Feedback;1
John;Feedback;2
One Punch Man;FlashBoy;1
basscadet;Main Virtual Boy Discussion;3
Neskid;Main Virtual Boy Discussion;1
thunderstruck;Offtopic;65
Lance Barret;Offtopic;3
clonecman;Offtopic;3
MineStorm;PVB Coding Competition 2008;2
Spindick;FlashBoy;3
WhiteSpyder;FlashBoy;1
fergo23;FlashBoy;1
anikiii;Main Virtual Boy Discussion;14
CodeFish;Main Virtual Boy Discussion;4
Zimbabwe;Main Virtual Boy Discussion;2
minkkari;Main Virtual Boy Discussion;1
Mintor;Main Virtual Boy Discussion;2
the_importer;Main Virtual Boy Discussion;6
virtualGreed;Main Virtual Boy Discussion;2
2Aron13;Marketplace;2
Antonio;Marketplace;1
TerryJ;Marketplace;1
Srimok;Marketplace;7
TheNix;Marketplace;2
Jim;Virtual Boy Development Board;10
MrSparkle;Virtual Boy Development Board;4
kcasey;Virtual Boy Development Board;3
VirtualJockey;Feedback;24
Magus;Feedback;2
retronintendonerd;Main Virtual Boy Discussion;248
Gabor;Main Virtual Boy Discussion;19
techgeik;Main Virtual Boy Discussion;2
Hiro;Main Virtual Boy Discussion;1
redbunny;Main Virtual Boy Discussion;1
RunnerPack;Marketplace;22
Virtual_Link;Marketplace;7
darthsteve333;Marketplace;1
Camera;Offtopic;2
mister x;Offtopic;1
LazerDickMcCheese;Virtual Boy Development Board;2
Vitual Jim;Main Virtual Boy Discussion;1
Jim2029;Main Virtual Boy Discussion;1
Vectrexer;Main Virtual Boy Discussion;15
Gators;Main Virtual Boy Discussion;2
kwonic;Main Virtual Boy Discussion;2
ResidentSteve;Main Virtual Boy Discussion;2
RayXambeR;Marketplace;2
e5frog;Marketplace;2
lucifershalo;Marketplace;1
Robert Molander;Offtopic;9
jumpman;Virtual Boy Development Board;6
Susan;Virtual Boy Development Board;2
Bubbletopseb;Virtual Boy Development Board;5
maccallan;Virtual Boy Development Board;2
dimiris;Feedback;1
MrX;Main Virtual Boy Discussion;11
WireA2;Main Virtual Boy Discussion;6
manicfoot;Main Virtual Boy Discussion;48
lameboyadvance;Marketplace;15
Nox;Offtopic;3
Mednafen;Virtual Boy Development Board;31
Morintari;Virtual Boy Development Board;80
lopingg;Virtual Boy Development Board;6
Ebisumaru;FlashBoy;1
Yackom;FlashBoy;4
VBlover;FlashBoy;2
r05sco;FlashBoy;1
dragz;Main Virtual Boy Discussion;1
DuelPear;Main Virtual Boy Discussion;4
Dor-Si;Marketplace;20
ohioratrodder;Marketplace;1
elreins;Offtopic;1
uzumaki;Virtual Boy Development Board;3
VRMike;Virtual Boy Development Board;3
diisco;Feedback;1
joker1000;Feedback;1
diisco;FlashBoy;5
Syxe66;FlashBoy;2
melloman;FlashBoy;3
jimid2;Main Virtual Boy Discussion;4
OoZic;Main Virtual Boy Discussion;3
dman;Main Virtual Boy Discussion;1
michaelxoc;Main Virtual Boy Discussion;1
Gookanheimer;Marketplace;1
Brahillia;Marketplace;3
Heraclio;Marketplace;2
Hoov3r;Marketplace;1
pinmagic;Offtopic;9
VirtuousRage;Offtopic;1
Vaughanabe13;Virtual Boy Development Board;111
Parasyte;Virtual Boy Development Board;31
astro187;Virtual Boy Development Board;2
Hoov3r;Virtual Boy Development Board;1
RyuCheese;Virtual Boy Development Board;1
bubbletopsebas;Feedback;1
D.R MARIO;Feedback;1
The virtual boy;Feedback;1
ste;Main Virtual Boy Discussion;3
Spinal;Main Virtual Boy Discussion;11
VisualBoy Advance;Main Virtual Boy Discussion;2
ziggaboogi;Marketplace;6
NR20;Marketplace;1
bigmak;Virtual Boy Development Board;137
Virtual_Ben;Virtual Boy Development Board;40
DrWho198;Main Virtual Boy Discussion;31
eyezofnight;Main Virtual Boy Discussion;2
jumpsteady;Main Virtual Boy Discussion;1
Sir William;Marketplace;3
Virtual_Link;PVB Coding Competition 2013;3
syncophono;Virtual Boy Development Board;23
Jochen;Feedback;1
Dirkster;Feedback;1
slicerd;FlashBoy;2
bigmak;Main Virtual Boy Discussion;401
slicerd;Main Virtual Boy Discussion;4
syrupdash;Main Virtual Boy Discussion;1
rcantor77;Marketplace;1
PeckGoesVirtual;Offtopic;1
StrayFelisCatus;Offtopic;1
SNK;Offtopic;3
bigmak;PVB Coding Competition 2013;22
wcmiker;Virtual Boy Development Board;1
Dor-Si;Feedback;2
Deadly-D;Feedback;2
Alfissta;Feedback;3
FamicomFreak;Feedback;1
Fez;Feedback;1
Eugen Schlauch;Feedback;1
james tolson;FlashBoy;2
Splain;FlashBoy;1
Kyrushi;Main Virtual Boy Discussion;14
Pre10der;Main Virtual Boy Discussion;1
Samus2008;Marketplace;5
josephmalenkov;Marketplace;1
Fwirt;Offtopic;13
Tauwasser;PVB Coding Competition 2010;2
gunpeiyokoifan;PVB Coding Competition 2010;1
"\"Person\"";Virtual Boy Development Board;2
hildenbraugh;Virtual Boy Development Board;1
alesi80;FlashBoy;7
mellott124;Main Virtual Boy Discussion;118
elreins;Main Virtual Boy Discussion;4
BigScheaf;Main Virtual Boy Discussion;4
AlrightYa;Main Virtual Boy Discussion;5
ranger_lennier;Main Virtual Boy Discussion;3
crazymusicguy;Main Virtual Boy Discussion;3
Slainte;Main Virtual Boy Discussion;2
Unclemeat;Marketplace;1
LS650;PVB Coding Competition 2008;5
DaVince;PVB Coding Competition 2010;5
Robert Molander;PVB Coding Competition 2010;1
Atari26003;Feedback;5
samus;FlashBoy;1
duqtito;Main Virtual Boy Discussion;8
Protons;Main Virtual Boy Discussion;5
crono7;Main Virtual Boy Discussion;4
Bleachmagic;Main Virtual Boy Discussion;3
Feel;Main Virtual Boy Discussion;2
NGNM85;Main Virtual Boy Discussion;1
GokaiAwesome;Main Virtual Boy Discussion;2
Vegemetal;Main Virtual Boy Discussion;4
Arvester;Marketplace;3
Bufko;Marketplace;1
VivaLaVirtualBoy;Offtopic;3
adlena;Offtopic;1
kael;Virtual Boy Development Board;1
Vaughanabe13;FlashBoy;20
Deadly-D;Main Virtual Boy Discussion;83
XJaPaN;Main Virtual Boy Discussion;48
Sega CD;Main Virtual Boy Discussion;1
Willy105;Main Virtual Boy Discussion;7
3L_S4N70;Main Virtual Boy Discussion;1
Qen;Main Virtual Boy Discussion;8
VirtualLife;Main Virtual Boy Discussion;1
pinmagic;Marketplace;5
vb zach;Marketplace;2
Jagman67;Marketplace;4
jimid2;Offtopic;1
tarsius4;Virtual Boy Development Board;10
fryster;Virtual Boy Development Board;1
Mr. G;Virtual Boy Development Board;1
Bubbletopseb;FlashBoy;6
;FlashBoy;1
brunorog;Main Virtual Boy Discussion;3
Angry_Sun;Main Virtual Boy Discussion;29
nitrosport2000;Main Virtual Boy Discussion;3
robbievgb;Main Virtual Boy Discussion;2
Spinal;Marketplace;3
Mathieu;Marketplace;1
Benny;Offtopic;3
akumie;PVB Coding Competition 2013;5
SmokeMonster;Virtual Boy Development Board;2
vb zach;Virtual Boy Development Board;1
foil_lone_wolf;Feedback;4
Ray;FlashBoy;7
Scottj10;Main Virtual Boy Discussion;5
Squeegor;Main Virtual Boy Discussion;9
binary;Main Virtual Boy Discussion;2
David;Marketplace;3
KJ4860;Marketplace;3
Arseen;Offtopic;2
MoFaJo;Offtopic;1
SP2003&VB;Offtopic;1
robbievgb;Offtopic;1
Fire-WSP;PVB Coding Competition 2010;5
VBmills;PVB Coding Competition 2013;13
VBrulez;Virtual Boy Development Board;13
frAme666;Feedback;1
VirtualGirl;Feedback;1
oldschoolnesgamer;FlashBoy;2
Rolan;FlashBoy;4
Nes Freak;Main Virtual Boy Discussion;7
fogamersix;Main Virtual Boy Discussion;1
scarper;Main Virtual Boy Discussion;1
McHuffin;Offtopic;1
Reel Big Fish;Offtopic;5
JoePassive;PVB Coding Competition 2008;1
MegaSilverX1;PVB Coding Competition 2013;3
andy[w];Virtual Boy Development Board;4
ShinobiMan;Main Virtual Boy Discussion;6
CyberAkuma;Main Virtual Boy Discussion;3
XIX;Main Virtual Boy Discussion;1
ferny;Marketplace;2
Karnalg;Marketplace;2
Undead;Marketplace;2
KJ4860;Virtual Boy Development Board;12
VirtualRolf;Virtual Boy Development Board;4
reality_boy;Feedback;4
Fred brown;Feedback;1
Glover;Main Virtual Boy Discussion;75
donhonk;Main Virtual Boy Discussion;8
thatguyinjapan;Main Virtual Boy Discussion;1
Pawel;Main Virtual Boy Discussion;1
Robert Molander;Marketplace;7
brasi;Marketplace;3
Zubari95;Offtopic;2
VBSAM;Virtual Boy Development Board;10
sillyzombie666;Virtual Boy Development Board;1
JoePassive;Virtual Boy Development Board;2
John E Bravo;Feedback;2
shiro_akechi;FlashBoy;4
RAD;FlashBoy;5
darkmath;FlashBoy;1
DaVince;FlashBoy;1
DPsx7;Main Virtual Boy Discussion;21
3DSJunkie;Main Virtual Boy Discussion;1
Legendary_Zero;Main Virtual Boy Discussion;2
Pmintz85;Main Virtual Boy Discussion;1
Jay666;Main Virtual Boy Discussion;1
Qen;Offtopic;3
renardqueenston;Offtopic;6
pollo20x6;Offtopic;3
TheForce81;PVB Coding Competition 2013;1
VBForever;Virtual Boy Development Board;1
VBAddict;Virtual Boy Development Board;4
D.T.;Feedback;1
StereoBoy;Feedback;2
Ironhell;FlashBoy;2
TheNix;FlashBoy;1
Solidstate;FlashBoy;2
ShinigamiPR;FlashBoy;1
him7666;FlashBoy;2
dremcast;FlashBoy;1
anikiii;Offtopic;1
blcklblskt;Offtopic;16
manicfoot;Offtopic;11
Pawel;Offtopic;4
FlareFolf;PVB Coding Competition 2013;1
Shokwav;Virtual Boy Development Board;5
XSF04;Virtual Boy Development Board;3
mikezilla2;Virtual Boy Development Board;7
donhonk;FlashBoy;3
StereoBoy;FlashBoy;1
Troglodyte;Main Virtual Boy Discussion;8
Tauwasser;Main Virtual Boy Discussion;69
Sega_gw;Main Virtual Boy Discussion;1
Cosmoliner;Marketplace;15
guillaumeber;Marketplace;4
hawk1010;Offtopic;13
virtualboyfreak;PVB Coding Competition 2008;1
j mo;Virtual Boy Development Board;2
Koohiisan;FlashBoy;1
VectrexRoli;FlashBoy;10
Alex;Main Virtual Boy Discussion;20
louloubeber;Main Virtual Boy Discussion;3
xxpcmxx;Main Virtual Boy Discussion;2
Stay Gold;Main Virtual Boy Discussion;6
ccanfield1;Marketplace;4
sw201444;Marketplace;26
Viper0hr;Marketplace;1
LucasWeatherby;Marketplace;2
VBrulez;Offtopic;42
VBmills;Offtopic;47
MrX;Offtopic;1
Dead Head;Virtual Boy Development Board;1
DogP;Feedback;34
in3D;Feedback;3
Reel Big Fish;Feedback;2
Nosna;FlashBoy;1
Benjamin Stevens;Main Virtual Boy Discussion;1527
lastkill3r;Main Virtual Boy Discussion;7
UncleTusker;Main Virtual Boy Discussion;32
TheClash603;Main Virtual Boy Discussion;2
Tuna;Main Virtual Boy Discussion;1
Borman;Main Virtual Boy Discussion;1
Mack;Main Virtual Boy Discussion;4
dave;Main Virtual Boy Discussion;2
KapuX;Main Virtual Boy Discussion;2
HouseOfPain;Marketplace;5
VirtualJockey;Offtopic;124
Dr.Crackers;PVB Coding Competition 2013;1
Hedgetrimmer;Feedback;11
JackFost;Feedback;1
IOwnMyWiiULEGIT;FlashBoy;1
Sceptre_JLRB;FlashBoy;4
fixedgerald;Main Virtual Boy Discussion;6
alchemy;Main Virtual Boy Discussion;8
Boneriver;Main Virtual Boy Discussion;12
Dunkelheit;Main Virtual Boy Discussion;4
GauBan;Main Virtual Boy Discussion;9
Andrew;Main Virtual Boy Discussion;1
Gast;Main Virtual Boy Discussion;3
dumdedum;Marketplace;4
El Borto;Marketplace;1
Microtic;Marketplace;1
BenRPG;Offtopic;8
Virtual Jim;Offtopic;4
VBrulez;PVB Coding Competition 2013;3
UncleTusker;PVB Coding Competition 2013;2
T-SqProductions;Virtual Boy Development Board;1
MindChild;FlashBoy;3
GeoAnas;FlashBoy;10
dumdedum;Main Virtual Boy Discussion;24
Vincenzo;Main Virtual Boy Discussion;1
VectrexRoli;Marketplace;4
Chaz;Marketplace;2
MegaSilverX1;Offtopic;29
Ken;Main Virtual Boy Discussion;7
videotech;Marketplace;2
Protoman85;Offtopic;48
nintendodork;Offtopic;2
Ekitz;Offtopic;1
StrayFelisCatus;PVB Coding Competition 2008;2
e5frog;PVB Coding Competition 2010;22
rubengar;PVB Coding Competition 2010;9
rubengar;PVB Coding Competition 2013;4
RunnerPack;VB Dev Repository;5
Kk-Man;Virtual Boy Development Board;2
plankton;Feedback;1
Noirtheater;FlashBoy;1
VBmills;Main Virtual Boy Discussion;202
admeister;Main Virtual Boy Discussion;10
guest;Main Virtual Boy Discussion;1
Mobat555;Main Virtual Boy Discussion;1
c0ldb33r;Main Virtual Boy Discussion;2
tydyedsyko;Marketplace;1
starfoxi;Offtopic;3
Sunkan;Offtopic;4
speedyink;PVB Coding Competition 2013;30
shenmueso;Virtual Boy Development Board;3
CrazyMaster;Feedback;2
Koteshi;FlashBoy;1
Salure;FlashBoy;8
Mistanelsin;FlashBoy;1
VBSAM;Main Virtual Boy Discussion;57
e5frog;Main Virtual Boy Discussion;283
John E Bravo;Main Virtual Boy Discussion;51
DBloke;Main Virtual Boy Discussion;5
Chalvo;Main Virtual Boy Discussion;7
alesi80;Main Virtual Boy Discussion;3
Supergeon;Main Virtual Boy Discussion;1
modmaster;Main Virtual Boy Discussion;2
freaka-zoid;Main Virtual Boy Discussion;3
Osmodiar;Marketplace;2
REDRUM666;Marketplace;5
Dacy;Marketplace;1
AtariWizard;Marketplace;5
Srimok;Offtopic;6
kit23;Offtopic;2
mmora;Offtopic;1
Fire-WSP;Virtual Boy Development Board;35
Brian Hodges;Virtual Boy Development Board;3
MAXLEFOU;Feedback;3
VirtualChris;Feedback;20
Koohiisan;Feedback;1
Sprachpoet;Feedback;1
Magnus Johansson;Feedback;1
taoworm23;FlashBoy;3
foil_lone_wolf;Main Virtual Boy Discussion;81
muskabulldog;Main Virtual Boy Discussion;9
baron_beef_dip;Main Virtual Boy Discussion;2
djense1;Main Virtual Boy Discussion;4
acedout1;Marketplace;4
VirtualBoyX;Offtopic;2
MineStorm;PVB Coding Competition 2013;2
DogP;VB Dev Repository;3
Pink_Pig;Virtual Boy Development Board;2
SMVB64;Virtual Boy Development Board;4
StinkerB06;Virtual Boy Development Board;7
celebi23;Virtual Boy Development Board;1
Madmax;Feedback;1
manicfoot;FlashBoy;3
blowback;FlashBoy;1
NR20;Main Virtual Boy Discussion;70
Freeze;Main Virtual Boy Discussion;13
mathew;Main Virtual Boy Discussion;69
McHuffin;Main Virtual Boy Discussion;9
geoflcl;Main Virtual Boy Discussion;1
Emul8tor;Main Virtual Boy Discussion;2
Dubble;Main Virtual Boy Discussion;2
Bob Backland;Main Virtual Boy Discussion;1
Nya;Main Virtual Boy Discussion;1
Johnny Phantom;Marketplace;4
Black&Red;Marketplace;2
maicoalvim;Marketplace;1
TheForce81;Offtopic;27
Hedgetrimmer;PVB Coding Competition 2013;3
Damian Borth;Feedback;1
james103;Feedback;1
Morintari;FlashBoy;5
TwinFami;FlashBoy;1
BenRPG;FlashBoy;5
DeAthWaGer;FlashBoy;1
MoFaJo;Main Virtual Boy Discussion;5
BigFred;Main Virtual Boy Discussion;10
botted05;Main Virtual Boy Discussion;1
16bitz;Main Virtual Boy Discussion;4
guruguy;Main Virtual Boy Discussion;4
Lester Knight;Marketplace;69
bigmak;Marketplace;76
shipwreck_00;Marketplace;3
gunpeiyokoifan;Offtopic;107
jrronimo;Offtopic;21
Dreammary;Offtopic;83
Feel;Virtual Boy Development Board;9
dasi;Feedback;3
akumie;Feedback;18
Norkusa;FlashBoy;1
the_red_one;FlashBoy;2
UncleBob;FlashBoy;1
Travis;Main Virtual Boy Discussion;1
jbonez;Main Virtual Boy Discussion;1
VirtualChris;Offtopic;70
koifish;Offtopic;2
hawk1010;Virtual Boy Development Board;12
rubengar;Virtual Boy Development Board;47
HoMenace;Virtual Boy Development Board;4
Wyndcrosser;Feedback;3
shiro_akechi;Feedback;1
gamesbloke;Feedback;1
NiNiV;FlashBoy;4
Rogueleader1101;FlashBoy;1
Makaimura;Main Virtual Boy Discussion;3
Cymatic;Main Virtual Boy Discussion;3
Guido Anchovy;Main Virtual Boy Discussion;6
mellott124;Marketplace;3
Speedle;Marketplace;4
Lee A. Hannula;Marketplace;1
RadioClash;Offtopic;1
VirtualJockey;Virtual Boy Development Board;3
RetroGmr;Virtual Boy Development Board;1
Breedlove;Virtual Boy Development Board;4
Techni;Virtual Boy Development Board;1
goomboy;FlashBoy;1
raeshao;FlashBoy;1
L___E___T;Main Virtual Boy Discussion;291
PerfectlyNoah;Main Virtual Boy Discussion;1
skeptik82;Main Virtual Boy Discussion;1
Captain_kelly;Main Virtual Boy Discussion;2
Shabadoo;Main Virtual Boy Discussion;4
NathanBarnatt;Main Virtual Boy Discussion;21
TheClash603;Marketplace;2
shiro_akechi;Marketplace;5
ExSlyder;Marketplace;1
Greg Stevens;Offtopic;11
norty;Offtopic;4
Nightowljrm;Offtopic;3
RunnerPack;PVB Coding Competition 2013;11
blackeyedgamer;Virtual Boy Development Board;4
RCAstudioII;Virtual Boy Development Board;1
Tauwasser;FlashBoy;2
2NiV;FlashBoy;3
mawa;Main Virtual Boy Discussion;304
buddhazpriest;Main Virtual Boy Discussion;2
ZeldaFan042;Main Virtual Boy Discussion;1
RadioClash;Main Virtual Boy Discussion;1
Revival Studios;Marketplace;1
Benjamin Stevens;Offtopic;123
consolecollector;Offtopic;3
ziggaboogi;Virtual Boy Development Board;1
Ayce;Virtual Boy Development Board;2
glaros;Feedback;4
DaVince;Feedback;7
zcore101;Feedback;1
Jeth;Feedback;1
kasper;FlashBoy;1
in3D;Main Virtual Boy Discussion;47
ChrisR;Main Virtual Boy Discussion;3
xl443;Main Virtual Boy Discussion;8
Hebbe_84;Main Virtual Boy Discussion;12
DocAetzn;Marketplace;13
burnin;Marketplace;6
Had0ken;Marketplace;5
KJ4860;Offtopic;6
wazzal;PVB Coding Competition 2010;13
usch;PVB Coding Competition 2010;5
Hawl Tygar;Virtual Boy Development Board;7
ilarri;Virtual Boy Development Board;1
DocAetzn;Feedback;5
Acer;Feedback;1
Marco;Feedback;2
pseudonym anonym;Feedback;1
RunnerPack;FlashBoy;26
Fez;FlashBoy;6
Alfissta;Main Virtual Boy Discussion;90
Quaze;Main Virtual Boy Discussion;44
ZueriHB;Main Virtual Boy Discussion;14
CaptGinyu89;Main Virtual Boy Discussion;2
VBSAM;Marketplace;4
DrWho198;Marketplace;1
virtualboyfan;Offtopic;1
KR155E;Virtual Boy Development Board;395
Guy Perfect;Virtual Boy Development Board;152
KR155E;Feedback;249
burnin;Feedback;2
Peter;Feedback;1
JoePassive;FlashBoy;4
lisalover1;FlashBoy;1
VBlover;Main Virtual Boy Discussion;15
LucasWeatherby;Main Virtual Boy Discussion;2
duddyroar;Main Virtual Boy Discussion;4
Tjb123;Main Virtual Boy Discussion;3
lukegilmour;Main Virtual Boy Discussion;1
UncleTusker;Marketplace;97
Babblu3;Marketplace;1
GabrielHanson2000;Offtopic;13
virtualpal;Offtopic;2
Justin Hayabusa;Virtual Boy Development Board;3
Glover;FlashBoy;5
gladders;FlashBoy;2
jrronimo;Main Virtual Boy Discussion;173
Domingo696;Main Virtual Boy Discussion;1
SpiralPegasus;Main Virtual Boy Discussion;1
Virtualman;Main Virtual Boy Discussion;3
Shou;Marketplace;1
Fwow13;PVB Coding Competition 2010;2
83skillz;Virtual Boy Development Board;3
vb-fan;Virtual Boy Development Board;23
VBSAM;Feedback;2
mimix;FlashBoy;2
Elrinth;Main Virtual Boy Discussion;8
Propster;Main Virtual Boy Discussion;1
blowback;Main Virtual Boy Discussion;13
norkusa;Main Virtual Boy Discussion;2
JAUG;Main Virtual Boy Discussion;3
Marioguy;Marketplace;16
Cosmoterran;Offtopic;9
Virtual_Ben;VB Dev Repository;2
Triumph;Virtual Boy Development Board;8
Samuel;Feedback;1
quequotion;Feedback;1
retronintendonerd;Feedback;2
HP Lovethrash;FlashBoy;1
boom;Main Virtual Boy Discussion;14
Cobra71;Main Virtual Boy Discussion;2
patzgamz;Main Virtual Boy Discussion;2
Sek;Main Virtual Boy Discussion;4
jaycee900;Main Virtual Boy Discussion;1
core-gamers;Main Virtual Boy Discussion;1
lopingg;Main Virtual Boy Discussion;3
thatguyinjapan;Marketplace;5
famiac;Marketplace;1
MineStorm;Offtopic;4
DPsx7;Virtual Boy Development Board;5
descarganga;Virtual Boy Development Board;1
sillyzombie666;Feedback;2
Fazered;FlashBoy;4
DragonmasterDan;Main Virtual Boy Discussion;25
dimix;Main Virtual Boy Discussion;1
Bomberman94;Main Virtual Boy Discussion;3
Samus2008;Main Virtual Boy Discussion;1
S7AYONTARGE7;Marketplace;1
vwguy;Marketplace;1
jojobean;Marketplace;2
Stirling;Marketplace;1
Dande?!;Offtopic;2
mbuchman;Offtopic;6
Dreth;Offtopic;4
Sbeehive;Offtopic;4
ElmerPCFX;Virtual Boy Development Board;34
Virtual Pat;Virtual Boy Development Board;1
tydyedsyko;Virtual Boy Development Board;4
JKouf23;FlashBoy;2
SmokeMonster;FlashBoy;1
djjack;Main Virtual Boy Discussion;2
RyuCheese;Main Virtual Boy Discussion;17
Heppner;Main Virtual Boy Discussion;23
idsblake;Main Virtual Boy Discussion;1
Sprachpoet;Main Virtual Boy Discussion;3
Fazered;Main Virtual Boy Discussion;4
bubbletopsebas;Main Virtual Boy Discussion;1
RobotTypePerson3D;Main Virtual Boy Discussion;2
Sampler;Main Virtual Boy Discussion;5
bettencourt76;Main Virtual Boy Discussion;1
Hedgetrimmer;Marketplace;10
frenchievb;Marketplace;2
Black Chaos;Offtopic;7
GameJunkie;Offtopic;1
tydyedsyko;Offtopic;2
keneda;PVB Coding Competition 2013;2
DeAthWaGer;Virtual Boy Development Board;4
dasjamma;Virtual Boy Development Board;1
HorvatM;FlashBoy;9
JoserMDK;FlashBoy;2
Guy Perfect;FlashBoy;2
Red Eyed Madness;Main Virtual Boy Discussion;7
CJZEPP;Main Virtual Boy Discussion;4
vbman;Main Virtual Boy Discussion;1
someone;Main Virtual Boy Discussion;3
Supervlieg;Main Virtual Boy Discussion;4
JLateralus;Main Virtual Boy Discussion;3
someonespecial;Virtual Boy Development Board;1
DanB;FlashBoy;9
PsychedelicShaman;FlashBoy;1
coyo5050;FlashBoy;1
Black&Red;FlashBoy;2
megazoid;FlashBoy;1
Sir William;Main Virtual Boy Discussion;31
VirtualLuigi;Main Virtual Boy Discussion;1
travis;Marketplace;2
trueskins;Offtopic;2
svenk91;Offtopic;14
L___E___T;PVB Coding Competition 2013;4
VectrexRoli;Virtual Boy Development Board;5
virtual boy 2k;Virtual Boy Development Board;6
jrronimo;Feedback;1
mbuchman;FlashBoy;3
gamesbloke;FlashBoy;6
StealthNinjaScyther;Main Virtual Boy Discussion;19
Black&Red;Main Virtual Boy Discussion;7
virtualboyke;Main Virtual Boy Discussion;16
SPACE HARRIER;Main Virtual Boy Discussion;5
Dande?!;Main Virtual Boy Discussion;5
sonictonic;Main Virtual Boy Discussion;5
Protons;Marketplace;1
SMVB64;Marketplace;3
DanB;Offtopic;33
Dr.Crackers;Offtopic;2
Metkid91;Feedback;1
blizzardjesus;Main Virtual Boy Discussion;1
virtuetovice;Main Virtual Boy Discussion;3
Megatron;Main Virtual Boy Discussion;3
ArgentoSoma;Main Virtual Boy Discussion;1
Secret Flatmate;Offtopic;1
Dr_Sbaitso;PVB Coding Competition 2010;1
SteveFlash;Virtual Boy Development Board;2
Virtualman;Virtual Boy Development Board;2
bmo;Virtual Boy Development Board;1
CyberAkuma;FlashBoy;4
Arvester;FlashBoy;1
Samuel;FlashBoy;1
TheretroGameboy;Main Virtual Boy Discussion;5
Foulmoustache;Main Virtual Boy Discussion;3
Benjamin Stevens;Marketplace;80
Fitty;Marketplace;1
Marioguy;Offtopic;3
svenk91;PVB Coding Competition 2010;3
Virtual JIM;Virtual Boy Development Board;3
TheMetalBeast;Virtual Boy Development Board;3
ROGER GRONER ANWALT;Feedback;1
lameboyadvance;Main Virtual Boy Discussion;105
orangest;Main Virtual Boy Discussion;1
Chaz;Main Virtual Boy Discussion;9
Komris;Main Virtual Boy Discussion;10
ryanfullerton91;Main Virtual Boy Discussion;1
Gameboygeek;Main Virtual Boy Discussion;2
AlexMarseglia;Main Virtual Boy Discussion;4
jrronimo;Marketplace;35
foil_lone_wolf;Marketplace;24
DrEvil;Marketplace;2
DevilsAvocado;PVB Coding Competition 2010;10
seekaseeka;PVB Coding Competition 2013;1
HorvatM;Feedback;27
XJaPaN;Feedback;3
thunderstruck;FlashBoy;4
RunnerPack;Main Virtual Boy Discussion;506
Knightcrawler;Main Virtual Boy Discussion;15
lwizardl;Main Virtual Boy Discussion;11
Garrison;Main Virtual Boy Discussion;21
UHATEIT;Marketplace;7
skcin7;Marketplace;1
Steve Solen;Marketplace;1
Fwirt;PVB Coding Competition 2008;2
VirtualChris;PVB Coding Competition 2013;3
madmax;Virtual Boy Development Board;2
cmoliveira;Virtual Boy Development Board;1
Undead;Feedback;7
CRK;Feedback;1
Hawl Tygar;FlashBoy;2
el_cut;FlashBoy;1
3Dhardcore;Main Virtual Boy Discussion;2
Billy Ensign;Main Virtual Boy Discussion;10
Paulygon;Main Virtual Boy Discussion;4
DragonmasterDan;Marketplace;7
3DBoyColor;Marketplace;8
NR20;Offtopic;2
mawa;Offtopic;31
pimp72;Offtopic;3
Yeti_dude;Offtopic;1
S7AYONTARGE7;Offtopic;1
sw201444;Offtopic;3
Nitrosoxide;Virtual Boy Development Board;12
Tauwasser;Virtual Boy Development Board;28
Quaze;FlashBoy;1
soul'd out;FlashBoy;9
Speedle;FlashBoy;5
Camera;FlashBoy;2
blcklblskt;Main Virtual Boy Discussion;52
fups;Main Virtual Boy Discussion;2
Nick;Main Virtual Boy Discussion;3
Alex;Marketplace;15
GabrielHanson2000;Marketplace;1
3DBoyColor;Offtopic;20
Greg Stevens;PVB Coding Competition 2013;18
retronintendonerd;PVB Coding Competition 2013;3
melloman;PVB Coding Competition 2013;2
jojobean;Feedback;3
Mr. Halloween;FlashBoy;4
Fury;Main Virtual Boy Discussion;7
Beta;Main Virtual Boy Discussion;1
Locobox;Main Virtual Boy Discussion;3
norty;Marketplace;2
focusrs;Marketplace;2
Minggus;Offtopic;2
Supa Hot Fire;Offtopic;1
Mathieu;Offtopic;1
blcklblskt;Virtual Boy Development Board;4
person;Virtual Boy Development Board;1
marle;Feedback;1
uzumaki;FlashBoy;2
Cyberdyne;Main Virtual Boy Discussion;14
Randy;Main Virtual Boy Discussion;11
gymstar;Main Virtual Boy Discussion;1
Phobophile;Main Virtual Boy Discussion;4
pandepandu;Main Virtual Boy Discussion;1
Anonymous;Main Virtual Boy Discussion;2
Jim1174;Main Virtual Boy Discussion;1
jumpman;Marketplace;5
Gabor;Offtopic;6
hawk1010;PVB Coding Competition 2013;4
VRJZ;PVB Coding Competition 2013;1
blowback;Virtual Boy Development Board;2
Billy;Virtual Boy Development Board;16
jcrouse;Virtual Boy Development Board;3
Manwe;Virtual Boy Development Board;4
RafikiDreamer;Virtual Boy Development Board;2
Dunkelheit;Virtual Boy Development Board;2
DeAthWaGer;Feedback;1
calpirro;FlashBoy;1
VirtualJockey;Main Virtual Boy Discussion;377
Aquariusdude;Main Virtual Boy Discussion;2
trippstatic;Main Virtual Boy Discussion;60
Klax;Main Virtual Boy Discussion;2
Justin Hayabusa;Main Virtual Boy Discussion;4
Heraclio;Main Virtual Boy Discussion;3
ghibben;Main Virtual Boy Discussion;2
jason;Main Virtual Boy Discussion;1
Russcular;Marketplace;7
segagamer99;Offtopic;8
I h8t you're message;Offtopic;1
melloman;Virtual Boy Development Board;2
Viper0hr;Virtual Boy Development Board;1
goat84;FlashBoy;1
Maraakate;Main Virtual Boy Discussion;6
thaddius;Main Virtual Boy Discussion;9
Johnny365;Main Virtual Boy Discussion;22
saim jutt;Main Virtual Boy Discussion;1
Pacman;Feedback;7
M-A-D-M-A-X;FlashBoy;3
2NiV;Main Virtual Boy Discussion;16
Phed;Main Virtual Boy Discussion;4
Ferris Bueller;Main Virtual Boy Discussion;2
blackeyedgamer;Main Virtual Boy Discussion;17
LotsaSpaghetti;Marketplace;2
bd974;Marketplace;3
MegaSilverX1;Marketplace;1
Morintari;VB Dev Repository;2
jorgeche;VB Dev Repository;1
Lester Knight;Virtual Boy Development Board;85
Sir_Ronny_2000;Feedback;1
Nanis;Feedback;1
ryucheese;FlashBoy;4
Srimok;FlashBoy;4
juggaloman09;Main Virtual Boy Discussion;5
Twingatz;Main Virtual Boy Discussion;1
Jaekoff_3;Main Virtual Boy Discussion;3
Memnock;Main Virtual Boy Discussion;3
Kolt;Marketplace;7
jumpman;PVB Coding Competition 2013;1
M.K.;PVB Coding Competition 2013;9
dasi;VB Dev Repository;4
VBmills;Virtual Boy Development Board;54
CMills;Virtual Boy Development Board;1
botted05;Virtual Boy Development Board;2
Propane13;FlashBoy;1
Ryosaebaa;FlashBoy;3
thunderstruck;Main Virtual Boy Discussion;331
Morintari;Main Virtual Boy Discussion;217
enfilade;Main Virtual Boy Discussion;25
PeepingSnipa;Main Virtual Boy Discussion;1
Nox;Main Virtual Boy Discussion;11
sean;Main Virtual Boy Discussion;3
Dokstarr;Main Virtual Boy Discussion;4
Planlos1988;Marketplace;1
FaZyCrUcK;Marketplace;1
RunnerPack;Offtopic;156
UncleTusker;Offtopic;3
Dave_;PVB Coding Competition 2013;1
MindChild;Virtual Boy Development Board;2
jzagal;FlashBoy;1
MetroidHatchling;FlashBoy;1
Oni;Main Virtual Boy Discussion;1
ryucheese;Main Virtual Boy Discussion;7
heftymadmonkey;Main Virtual Boy Discussion;1
Raverrevolution;Main Virtual Boy Discussion;23
diisco;Main Virtual Boy Discussion;4
OneSwoodGuy;Marketplace;1
TECHSev;Marketplace;1
Tom;Offtopic;1
manicfoot;PVB Coding Competition 2008;4
RpgCollector;PVB Coding Competition 2013;1
cr1901;VB Dev Repository;3
HorvatM;Virtual Boy Development Board;224
L___E___T;Virtual Boy Development Board;29
Garrison;Virtual Boy Development Board;2
Ferry Groenendijk;Feedback;1
manic23;Feedback;2
chrisyunger;FlashBoy;1
Cosmoliner;Main Virtual Boy Discussion;77
Metal Man;Main Virtual Boy Discussion;2
VBabe86;Main Virtual Boy Discussion;23
Vidjagamecollector;Main Virtual Boy Discussion;5
Ryu;Main Virtual Boy Discussion;1
Baptist;Offtopic;8
makeinu;Virtual Boy Development Board;1
Dave_;Virtual Boy Development Board;12
pocket;Feedback;1
Billy;FlashBoy;1
DocAetzn;Main Virtual Boy Discussion;61
the_red_one;Main Virtual Boy Discussion;5
M-A-D-M-A-X;Main Virtual Boy Discussion;14
SuToCorp;Main Virtual Boy Discussion;1
Csprunger;Main Virtual Boy Discussion;3
lolzerker;Main Virtual Boy Discussion;2
Rhoam;Main Virtual Boy Discussion;2
ashx;Main Virtual Boy Discussion;2
jasonbar;Marketplace;16
Stein;Marketplace;5
Key;Marketplace;1
GEZ;Offtopic;1
HorvatM;PVB Coding Competition 2010;16
Red Metal;PVB Coding Competition 2013;6
Camera;PVB Coding Competition 2013;1
Twila;Virtual Boy Development Board;6
ProtonX;Virtual Boy Development Board;1
e5frog;Feedback;32
SoNick_RND;FlashBoy;1
VirtuousRage;Main Virtual Boy Discussion;42
hawk1010;Main Virtual Boy Discussion;46
FreshWhiteT;Main Virtual Boy Discussion;2
Jive;Main Virtual Boy Discussion;5
MineStorm;Marketplace;30
blowback;Marketplace;8
Xanamander;Marketplace;1
Lester Knight;Offtopic;54
InactiveX;Offtopic;9
JoePassive;Offtopic;1
glaros;PVB Coding Competition 2013;1
PizzaGeorge;Virtual Boy Development Board;2
homer_81;Feedback;1
Daniel;Feedback;1
Stomp9;FlashBoy;1
Hedgetrimmer;Main Virtual Boy Discussion;306
Kk-Man;Main Virtual Boy Discussion;4
Diego;Main Virtual Boy Discussion;9
Thehecter;Main Virtual Boy Discussion;4
ectoglow;Marketplace;35
Guest;Marketplace;2
bigmak;Offtopic;35
adler_0;Offtopic;3
Koohiisan;Offtopic;1
KR155E;PVB Coding Competition 2010;31
Salure;Virtual Boy Development Board;1
VBoy;Virtual Boy Development Board;1
jacuk;Virtual Boy Development Board;5
jaytee81;FlashBoy;1
DPsx7;FlashBoy;6
GEZ;Main Virtual Boy Discussion;47
MAXLEFOU;Main Virtual Boy Discussion;28
CaptainK;Main Virtual Boy Discussion;1
LordXaero;Main Virtual Boy Discussion;3
bbutl001;Main Virtual Boy Discussion;1
-~=Hello=~-;Main Virtual Boy Discussion;1
Gato;Main Virtual Boy Discussion;1
Rex Dart;Main Virtual Boy Discussion;3
Racer_Z51;Main Virtual Boy Discussion;2
fxyjenna89;Marketplace;1
Mr. Halloween;Marketplace;1
GameJunkie;Marketplace;1
RotoMan;Marketplace;3
thaddius;Offtopic;5
Atari26003;Offtopic;13
VBForever;Offtopic;1
Alfissta;PVB Coding Competition 2010;1
Minggus;Virtual Boy Development Board;1
Rocksteady;Feedback;1
Sir William;Feedback;2
Splurge;FlashBoy;1
Wyndcrosser;FlashBoy;1
doubledown;Main Virtual Boy Discussion;7
Bam;Main Virtual Boy Discussion;4
jets28cm;Main Virtual Boy Discussion;1
zenintrude;Marketplace;1
Fire-WSP;PVB Coding Competition 2013;3
flashbang_23;Virtual Boy Development Board;3
shadowy_but_immortal;Virtual Boy Development Board;1
David;Virtual Boy Development Board;1
GabrielHanson2000;Virtual Boy Development Board;1
BenRPG;Feedback;1
Nutmeister;FlashBoy;1
Virtually_Obsessed;FlashBoy;1
Amarao;FlashBoy;2
capcomfan83;FlashBoy;1
pinmagic;Main Virtual Boy Discussion;53
icomage;Main Virtual Boy Discussion;1
Go lay down and die!!!!;Main Virtual Boy Discussion;1
TheToxicCollector;Marketplace;3
mik;Marketplace;3
HP Lovethrash;Offtopic;65
xenon;PVB Coding Competition 2008;6
DrWho198;Virtual Boy Development Board;3
J4K3R;Virtual Boy Development Board;1
Da_GPer;Virtual Boy Development Board;1
Fwirt;FlashBoy;9
Russcular;FlashBoy;1
LS650;Main Virtual Boy Discussion;15
Kemakill;Main Virtual Boy Discussion;4
Zilkworm;Main Virtual Boy Discussion;1
vbeol;Marketplace;1
VivaLaVirtualBoy;Marketplace;1
Freeze;Offtopic;10
Chris2;Offtopic;1
KGRAMR;Offtopic;5
BenRPG;Virtual Boy Development Board;11
DJMARCO;FlashBoy;1
wazzal;FlashBoy;3
Scooblee;Main Virtual Boy Discussion;3
roelvdm3;Main Virtual Boy Discussion;23
hawk1010;Marketplace;12
Ferris Bueller;Marketplace;1
jojobean;Offtopic;17
Dor-Si;Offtopic;6
melloman;Offtopic;16
Ayce;Feedback;2
Taute;Feedback;1
VirtualDiego;FlashBoy;1
blitter;Main Virtual Boy Discussion;42
Nitrosoxide;Main Virtual Boy Discussion;8
Gookanheimer;Main Virtual Boy Discussion;17
VirtualGameBoy;Main Virtual Boy Discussion;1
desumien;Main Virtual Boy Discussion;3
viper711;Main Virtual Boy Discussion;1
Cheats?;Main Virtual Boy Discussion;1
rmcpeeks;Main Virtual Boy Discussion;2
norkusa;Marketplace;3
segagamer99;Marketplace;9
Mistanelsin;Marketplace;2
Spinal;Offtopic;12
-~=Hello=~-;Offtopic;1
mattcutt;Offtopic;1
andy[w];Offtopic;1
Virtual Jim;Virtual Boy Development Board;16
kynrek;Feedback;1
83skillz;FlashBoy;5
arthur;FlashBoy;2
loktar;Main Virtual Boy Discussion;1
Srimok;Main Virtual Boy Discussion;60
FaZyCrUcK;Main Virtual Boy Discussion;3
SegNin;Main Virtual Boy Discussion;2
SublimeJhn;Main Virtual Boy Discussion;1
SoNick_RND;Main Virtual Boy Discussion;3
Iamstillhiro1112;Main Virtual Boy Discussion;1
jjaammeess;Main Virtual Boy Discussion;1
neverbeensoswell;Main Virtual Boy Discussion;2
virtualpal;Main Virtual Boy Discussion;1
Glover;Marketplace;23
modeltfordman;Marketplace;6
HoMenace;Marketplace;44
Dol Guldur;Marketplace;2
fixedgerald;Offtopic;4
Planlos1988;Offtopic;3
DogP;PVB Coding Competition 2010;15
thunderstruck;Virtual Boy Development Board;521
gdfgdf;Virtual Boy Development Board;1
Confusednerd;Virtual Boy Development Board;4
Fender119;Virtual Boy Development Board;2
ccanfield1;Virtual Boy Development Board;2
VirtualJockey;FlashBoy;7
vbman;FlashBoy;1
Tanuki;Main Virtual Boy Discussion;26
Feva Records;Main Virtual Boy Discussion;1
David;Main Virtual Boy Discussion;2
Ryu Cheese;Main Virtual Boy Discussion;3
Virtual Shadow;Main Virtual Boy Discussion;3
TheGrandPubaa;Main Virtual Boy Discussion;2
Kai;Main Virtual Boy Discussion;1
Jagman67;Main Virtual Boy Discussion;2
Dale;Main Virtual Boy Discussion;1
fryster;Marketplace;1
TheretroGameboy;Marketplace;3
Bomberman94;Marketplace;13
HonkeyKong;Offtopic;14
ArgentoSoma;Offtopic;1
RetroDan;Virtual Boy Development Board;5
lameboyadvance;Virtual Boy Development Board;85
soul'd out;Virtual Boy Development Board;2
Cyberdyne;Virtual Boy Development Board;2
gunpeiyokoifan;Virtual Boy Development Board;9
Dreammary;Feedback;5
Nessie;Feedback;2
cazman;FlashBoy;1
JackFost;FlashBoy;9
WoLfMaN;Main Virtual Boy Discussion;72
mxpxrobbie;Main Virtual Boy Discussion;8
Murfo;Main Virtual Boy Discussion;9
Tres Wright;Main Virtual Boy Discussion;1
Chris2;Main Virtual Boy Discussion;1
Yodakiller3000;Main Virtual Boy Discussion;3
Your Bill Gate's bitch!;Main Virtual Boy Discussion;2
Tekebo;Marketplace;1
VirtualMoose;Marketplace;1
colb;Offtopic;3
retronintendonerd;Offtopic;68
HoMenace;Offtopic;9
MetroidHatchling;Offtopic;6
LouSalome;Offtopic;1
Michael Austin;Offtopic;1
DragonmasterDan;Virtual Boy Development Board;16
LeusteanVB;Virtual Boy Development Board;1
um;Virtual Boy Development Board;1
M.K.;Feedback;1
retronintendonerd;FlashBoy;11
Retrogamer72;FlashBoy;1
Wyndcrosser;Main Virtual Boy Discussion;101
Opeth;Main Virtual Boy Discussion;55
Burkel;Main Virtual Boy Discussion;4
GameJunkie;Main Virtual Boy Discussion;7
Mobius;Main Virtual Boy Discussion;1
funderos;Main Virtual Boy Discussion;1
AceMilo;Main Virtual Boy Discussion;8
KR155E;Marketplace;19
DEEJAYZAQ;Marketplace;1
PBX;Marketplace;1
Hungry Mech;Offtopic;2
Ack;Offtopic;1
brunorog;Virtual Boy Development Board;7
Paul;Feedback;1
jrronimo;FlashBoy;4
virtualboyfreak;FlashBoy;41
tydyedsyko;Main Virtual Boy Discussion;23
Nerd;Main Virtual Boy Discussion;1
virmonk;Main Virtual Boy Discussion;2
Italian Boy;Marketplace;4
retronintendonerd;Marketplace;4
SMVB64;PVB Coding Competition 2013;1
akumie;Virtual Boy Development Board;69
DaVince;Virtual Boy Development Board;70
Virtual Fiend;Virtual Boy Development Board;2
manicfoot;Virtual Boy Development Board;27
smileyman8b;Feedback;1
aceman;Feedback;1
Brandon Tabassi;Feedback;1
realyst;FlashBoy;2
3Dhardcore;FlashBoy;6
Fwirt;Main Virtual Boy Discussion;103
Agent2112;Main Virtual Boy Discussion;3
HollowedEmpire;Main Virtual Boy Discussion;32
RCAstudioII;Main Virtual Boy Discussion;13
Dinniz;Main Virtual Boy Discussion;1
SmokeMonster;Marketplace;6
Rocksteady;Marketplace;3
blitter;Virtual Boy Development Board;122
Gookanheimer;Virtual Boy Development Board;6
affection;Virtual Boy Development Board;12
Starfox;Virtual Boy Development Board;2
Aquanistic;Feedback;2
Plankton;Feedback;1
EVIL NOD;FlashBoy;1
Climax Together;Main Virtual Boy Discussion;3
MagicManJapan;Main Virtual Boy Discussion;1
mr. red;Main Virtual Boy Discussion;1
Guy Perfect;Marketplace;4
Tauwasser;Offtopic;12
edracon;Offtopic;2
rubengar;Offtopic;4
Bruno;Offtopic;1
KAOS;PVB Coding Competition 2010;1
Lester Knight;PVB Coding Competition 2013;22
TheForce81;Virtual Boy Development Board;15
Rob;Virtual Boy Development Board;1
bitxero;Virtual Boy Development Board;6
mutchop;Virtual Boy Development Board;1
Jim;Feedback;2
TheForce81;FlashBoy;13
mitssu75;FlashBoy;2
VRZone;FlashBoy;1
soul'd out;Main Virtual Boy Discussion;24
Fwow13;Main Virtual Boy Discussion;39
Zubari95;Main Virtual Boy Discussion;30
raeshao;Main Virtual Boy Discussion;9
ShinigamiPR;Main Virtual Boy Discussion;1
RocketMagnet;Main Virtual Boy Discussion;3
Kirbendo;Marketplace;5
Wyndcrosser;Marketplace;19
vuefinder83;Marketplace;5
blubb;Marketplace;1
wetro;Marketplace;1
DragonmasterDan;Offtopic;8
jorgeche;Offtopic;7
wazzal;PVB Coding Competition 2013;1
MasterOfPuppets;Virtual Boy Development Board;7
robneal81;Virtual Boy Development Board;2
McFly;Virtual Boy Development Board;2
thunderstruck;Feedback;7
funderos;FlashBoy;1
vb-fan;Main Virtual Boy Discussion;155
Protoman85;Main Virtual Boy Discussion;206
Prkchpsndwiches;Main Virtual Boy Discussion;11
HonkeyKong;Main Virtual Boy Discussion;39
krs1;Main Virtual Boy Discussion;1
Mitch Naz;Main Virtual Boy Discussion;2
hultsimer;Main Virtual Boy Discussion;2
Magus;Virtual Boy Development Board;14
cr1901;Virtual Boy Development Board;52
Nanis;Virtual Boy Development Board;2
PeckGoesVirtual;Virtual Boy Development Board;1
lucifershalo;Virtual Boy Development Board;1
vb-fan;Feedback;3
blcklblskt;Feedback;3
TheTeaGuy;FlashBoy;1
virtualcol;Main Virtual Boy Discussion;2
NMC1;Main Virtual Boy Discussion;1
VirtualChris;Marketplace;5
duey2k;Marketplace;2
astro187;Offtopic;4
egg_sanwich;Offtopic;1
Vectrexer;PVB Coding Competition 2013;1
Lester Knight;VB Dev Repository;2
Koteshi;Virtual Boy Development Board;7
willi;Feedback;1
Raverrevolution;FlashBoy;13
Chrisf;Main Virtual Boy Discussion;1
megazoid;Main Virtual Boy Discussion;1
HarMarFan;Main Virtual Boy Discussion;3
Levine91;Main Virtual Boy Discussion;26
Malicedoll79;Main Virtual Boy Discussion;1
Hungry Mech;Main Virtual Boy Discussion;2
czar_h;Marketplace;1
gdfgdf;Marketplace;3
gothrunner;Marketplace;4
VirtualRolf;Offtopic;1
KJ4860;PVB Coding Competition 2013;6
gamesbloke;PVB Coding Competition 2013;1
DanB;Virtual Boy Development Board;179
Virtual_Link;Virtual Boy Development Board;10
Bruno;Virtual Boy Development Board;12
litephiter;Virtual Boy Development Board;6
diisco;Virtual Boy Development Board;3
jumpman;Feedback;1
Vectrexer;Feedback;1
speedyink;FlashBoy;23
wmi;Main Virtual Boy Discussion;3
Shiggsy;Main Virtual Boy Discussion;1
VBmills;Marketplace;30
Morintari;Marketplace;25
Koteshi;Offtopic;4
VirtualRolf;PVB Coding Competition 2013;1
ntm7885;Virtual Boy Development Board;2
KRIS;Virtual Boy Development Board;1
SoNick_RND;Virtual Boy Development Board;1
Rom;Feedback;1
Brandon;Feedback;1
sillyzombie666;FlashBoy;1
CrazyDean;FlashBoy;1
pinmagic;FlashBoy;2
Sega CD;FlashBoy;1
Dave_;Main Virtual Boy Discussion;38
VB kirby;Main Virtual Boy Discussion;15
VRZone;Main Virtual Boy Discussion;7
trumpy;Main Virtual Boy Discussion;1
...;Main Virtual Boy Discussion;2
rimsky82;Main Virtual Boy Discussion;1
seekaseeka;Offtopic;2
BillyTheBigDeal;PVB Coding Competition 2013;3
Raptor2569;PVB Coding Competition 2013;1
Seam;Virtual Boy Development Board;14
jorgeche;Feedback;4
btm79;Feedback;1
DMC;Main Virtual Boy Discussion;1
coleco;Main Virtual Boy Discussion;1
shawbi;Main Virtual Boy Discussion;1
manic23;Marketplace;1
kiltymchaggis;Marketplace;1
jzagal;Marketplace;1
mellott124;Offtopic;2
enfilade;Offtopic;3
DPsx7;Offtopic;1
Benjamin Stevens;PVB Coding Competition 2008;1
RayXambeR;Virtual Boy Development Board;1
RocketMagnet;Virtual Boy Development Board;1
element6;FlashBoy;5
KR155E;Main Virtual Boy Discussion;727
T-SqProductions;Main Virtual Boy Discussion;20
jumpman;Main Virtual Boy Discussion;21
turqoisehex;Main Virtual Boy Discussion;1
mobster011;Main Virtual Boy Discussion;6
pogo;Main Virtual Boy Discussion;1
choppingmall;Main Virtual Boy Discussion;1
kile;Main Virtual Boy Discussion;1
Brooklyn;Marketplace;2
pocket;Offtopic;7
Thehecter;Offtopic;2
manic23;PVB Coding Competition 2013;2
M.K.;Virtual Boy Development Board;11
Levine91;Virtual Boy Development Board;1
Vectrexer;Virtual Boy Development Board;1
2verb;Virtual Boy Development Board;2
louloubeber;FlashBoy;1
Robert Molander;FlashBoy;1
colesonwilson;Main Virtual Boy Discussion;101
uzumaki;Main Virtual Boy Discussion;9
Ares;Main Virtual Boy Discussion;1
Virtual Girl;Main Virtual Boy Discussion;1
roelvdm3;Marketplace;1
jumpman;Offtopic;10
Hector;Offtopic;2
S7AYONTARGE7;Virtual Boy Development Board;8
mic_;Virtual Boy Development Board;7
pocket;Virtual Boy Development Board;3
nabz32;FlashBoy;1
zenintrude;FlashBoy;2
kit23;Main Virtual Boy Discussion;1
Nedelbach;Main Virtual Boy Discussion;1
Deadly-D;Offtopic;23
Syxe66;Virtual Boy Development Board;2
Lester Knight;Feedback;13
trueskins;Main Virtual Boy Discussion;15
Alexander;Main Virtual Boy Discussion;27
jrock85;Main Virtual Boy Discussion;2
VRMike;Main Virtual Boy Discussion;1
akeara4;Marketplace;1
e5frog;Offtopic;16
Strangler;Offtopic;4
vassallo;Offtopic;1
dasi;Offtopic;1
ectoglow;Offtopic;1
drunkencat;Virtual Boy Development Board;2
cause415;Virtual Boy Development Board;3
secnine;FlashBoy;2
jaycee900;FlashBoy;1
M.K.;Main Virtual Boy Discussion;10
VBRetroGamer;Main Virtual Boy Discussion;3
EdwardianAge;Main Virtual Boy Discussion;1
SuperRetroBrosBlog;Main Virtual Boy Discussion;4
VBoy;Main Virtual Boy Discussion;10
TheTeaGuy;Marketplace;3
trumpy;Marketplace;3
Hedgetrimmer;Offtopic;87
dentaku;Offtopic;1
Johnny Phantom;Virtual Boy Development Board;11
VBrulez;Main Virtual Boy Discussion;166
Okonomiyaki;Main Virtual Boy Discussion;9
octopus;Main Virtual Boy Discussion;7
andresfc;Main Virtual Boy Discussion;6
VBSAM;Offtopic;33
Dave_;Offtopic;5
SuperMew98;Offtopic;3
RileyVB;Offtopic;1
mark;PVB Coding Competition 2013;1
FeistyGirl;Virtual Boy Development Board;2
MasterOfPuppets;Feedback;9
Der Lordkanzler;Feedback;1
nibiru8722;FlashBoy;2
RetroDan;FlashBoy;2
modeltfordman;Main Virtual Boy Discussion;17
ManBeard;Main Virtual Boy Discussion;3
RedIsAGreatColor;Main Virtual Boy Discussion;2
TNTisKING;Main Virtual Boy Discussion;1
nachosinbed;Main Virtual Boy Discussion;1
Benjamin Stevens;PVB Coding Competition 2010;1
KGRAMR;Virtual Boy Development Board;8
KeiTaRo;Virtual Boy Development Board;1
Phil;Virtual Boy Development Board;1
Ringman;Virtual Boy Development Board;12
virtualboyfreak;Feedback;3
colesonwilson;FlashBoy;1
Greg Stevens;FlashBoy;2
133MHz;Main Virtual Boy Discussion;17
CMills;Main Virtual Boy Discussion;5
Commanderraf;Main Virtual Boy Discussion;4
TheGameFan;Main Virtual Boy Discussion;1
badboybubby;Offtopic;16
hultsimer;Offtopic;1
WoLfMaN;Offtopic;14
bigmak;PVB Coding Competition 2010;5
glaros;Virtual Boy Development Board;4
ectoglow;Virtual Boy Development Board;26
Charrass69;Feedback;1
Junio;Feedback;1
Mobius;FlashBoy;1
bieze;FlashBoy;1
TheForce81;Main Virtual Boy Discussion;367
Snowspinner;Main Virtual Boy Discussion;3
ramgarden;Main Virtual Boy Discussion;1
BenRPG;Main Virtual Boy Discussion;6
geekstop711;Main Virtual Boy Discussion;6
Queen;Main Virtual Boy Discussion;1
Mackin2010;Marketplace;1
MasterOfPuppets;Offtopic;6
modeltfordman;Offtopic;17
astro187;PVB Coding Competition 2013;3
colesonwilson;Virtual Boy Development Board;6
Sega CD;Feedback;1
djense1;FlashBoy;1
DER3Z;Main Virtual Boy Discussion;2
KindHonestWoman7;Marketplace;2
UHATEIT;Offtopic;9
Fwow13;Offtopic;14
Virtual_Link;Offtopic;64
vuefinder83;Offtopic;24
*****;Offtopic;1
Vectrexer;Offtopic;1
ZeldaFan042;Virtual Boy Development Board;1
bigmak;Feedback;5
lameboyadvance;FlashBoy;2
jimid2;FlashBoy;3
Megatron;FlashBoy;1
Friend of Sonic;Main Virtual Boy Discussion;2
Schwanck;Main Virtual Boy Discussion;2
Lumi;Main Virtual Boy Discussion;3
desert_fan_club;Main Virtual Boy Discussion;1
insmouse;Main Virtual Boy Discussion;1
Quaze;Offtopic;5
VB kirby;Offtopic;5
Morintari;Offtopic;51
litephiter;Offtopic;4
Jack;Virtual Boy Development Board;3
danielps;Virtual Boy Development Board;4
super mario;Feedback;1
melloman;Main Virtual Boy Discussion;3
Vallie;Main Virtual Boy Discussion;1
Mimiphi;Main Virtual Boy Discussion;6
pablo;Marketplace;1
DevilsAvocado;Offtopic;2
Sceptre_JLRB;Offtopic;3
dasi;PVB Coding Competition 2008;5
Marcus;Virtual Boy Development Board;1
Chavaflyfree;Virtual Boy Development Board;1
Yankeesfan239;Main Virtual Boy Discussion;7
huhWhat;Main Virtual Boy Discussion;1
Nes Freak;Marketplace;16
doc_jim;Offtopic;1
Virtual_Ben;PVB Coding Competition 2013;1
mellott124;Virtual Boy Development Board;13
haaze707;Virtual Boy Development Board;6
bodkinz;Virtual Boy Development Board;1
Fwow13;Feedback;12
matt;Feedback;1
hawk1010;Feedback;1
dasi;FlashBoy;15
amado1977;FlashBoy;1
reality_boy;Main Virtual Boy Discussion;37
irving;Main Virtual Boy Discussion;2
Masterking;Main Virtual Boy Discussion;1
Metkid91;Main Virtual Boy Discussion;2
Marc;Marketplace;1
Tokimemofan;Marketplace;1
Breedlove;Marketplace;2
nitrosport2000;Offtopic;4
Oni;Offtopic;2
jmo;Virtual Boy Development Board;16
DragonmasterDX;Virtual Boy Development Board;1
johnme;Virtual Boy Development Board;1
HoMenace;Feedback;3
HP Lovethrash;Main Virtual Boy Discussion;184
Drouch22;Main Virtual Boy Discussion;6
TheHandsomeDan;Main Virtual Boy Discussion;2
Virtual_Bembo;Marketplace;4
Anonymous;Marketplace;7
BigScheaf;Marketplace;2
mathew;Offtopic;9
DogP;PVB Coding Competition 2008;40
GeoAnas;PVB Coding Competition 2010;1
Viertual Jim;Virtual Boy Development Board;1
RpgCollector;Virtual Boy Development Board;1
VirtualE;Virtual Boy Development Board;3
James10898;Virtual Boy Development Board;1
TheHandsomeDan;Virtual Boy Development Board;1
ectoglow;Feedback;1
speedyink;Feedback;5
L___E___T;FlashBoy;9
kkabalka;Main Virtual Boy Discussion;16
marioweezer;Main Virtual Boy Discussion;4
Torchic;Main Virtual Boy Discussion;2
Heliowalton;Main Virtual Boy Discussion;1
DarkusMarkus;Main Virtual Boy Discussion;9
Jared;Main Virtual Boy Discussion;1
tanooki;Main Virtual Boy Discussion;2
kevster;Main Virtual Boy Discussion;2
glaros;Offtopic;16
Bruno;PVB Coding Competition 2008;3
HoMenace;PVB Coding Competition 2013;11
InactiveX;Virtual Boy Development Board;4
ZKB;Feedback;1
bigmak;FlashBoy;27
edwingamino;FlashBoy;2
bballctr50;Main Virtual Boy Discussion;3
Bruno;Main Virtual Boy Discussion;22
Chavaflyfree;Main Virtual Boy Discussion;7
Russcular;Main Virtual Boy Discussion;4
Virtual_Bembo;Main Virtual Boy Discussion;3
JKouf23;Main Virtual Boy Discussion;2
mxpxrobbie;Marketplace;1
David Pimentel;Offtopic;5
wilmz68;Offtopic;1
in3D;Offtopic;5
Morintari;PVB Coding Competition 2013;8
heftymadmonkey;Virtual Boy Development Board;3
WoLfMaN;Virtual Boy Development Board;11
Tighe;Feedback;1
Richard;Feedback;1
Deadly-D;FlashBoy;16
Jonny;FlashBoy;3
vuefinder83;Main Virtual Boy Discussion;244
Beginner;Main Virtual Boy Discussion;1
AtariWizard;Main Virtual Boy Discussion;2
Baptist;Main Virtual Boy Discussion;19
danimalcollective;Main Virtual Boy Discussion;1
Salure;Main Virtual Boy Discussion;2
VirtualBoyX;Main Virtual Boy Discussion;19
Masterxilo;Main Virtual Boy Discussion;3
adler_0;Marketplace;5
Fender119;Marketplace;4
Dave_;Marketplace;1
WeirdoZ;Offtopic;1
KR155E;PVB Coding Competition 2013;9
MineStorm;Virtual Boy Development Board;59
eljulinspace;Virtual Boy Development Board;1
svenk91;Feedback;6
Virtual_Link;Main Virtual Boy Discussion;100
gunpeiyokoifan;Main Virtual Boy Discussion;313
zenintrude;Main Virtual Boy Discussion;9
blah;Main Virtual Boy Discussion;1
rdk123;Main Virtual Boy Discussion;8
Van7uke;Main Virtual Boy Discussion;2
Cauterize;Main Virtual Boy Discussion;2
Supa Hot Fire;Marketplace;3
realwws;Offtopic;8
;Offtopic;1
Italian Boy;PVB Coding Competition 2008;1
dasi;PVB Coding Competition 2010;1
mmHNmm;Virtual Boy Development Board;8
Koteshi;Feedback;1
Florian;Feedback;1
kingbrandus111;Feedback;1
Okonomiyaki;FlashBoy;1
kevster;FlashBoy;1
Koohiisan;Main Virtual Boy Discussion;11
Marcus;Main Virtual Boy Discussion;1
skaman;Main Virtual Boy Discussion;3
Alfissta;Marketplace;9
Reel Big Fish;Marketplace;5
Vrfan;Offtopic;12
roelvdm3;Offtopic;4
xenon;PVB Coding Competition 2013;1
helloimLAMEBOYandimfat;Virtual Boy Development Board;1
VBlover;Virtual Boy Development Board;12
VRZone;Virtual Boy Development Board;2
MichaelCarnage;Virtual Boy Development Board;1
VirtualRolf;FlashBoy;2
Virtual_Ben;FlashBoy;6
Speedle;Main Virtual Boy Discussion;21
Kyopsis;Main Virtual Boy Discussion;6
Mistanelsin;Offtopic;1
e5frog;Virtual Boy Development Board;138
Quaze;Virtual Boy Development Board;24
clonecman;Virtual Boy Development Board;8
kcsims;Virtual Boy Development Board;1
Phed;Virtual Boy Development Board;1
Michael H.;Feedback;1
l0c4lh0st;FlashBoy;1
SNK;FlashBoy;2
HandsomeDan;Main Virtual Boy Discussion;1
KJ4860;Main Virtual Boy Discussion;59
Craby;Main Virtual Boy Discussion;25
mmora;Main Virtual Boy Discussion;22
Techni;Main Virtual Boy Discussion;1
Lynx;Main Virtual Boy Discussion;2
mr red;Main Virtual Boy Discussion;1
tegu;Marketplace;6
RAD;Offtopic;1
Octaedre;Offtopic;1
lordkevin;Offtopic;1
Kk-Man;Offtopic;12
Opeth;Virtual Boy Development Board;3
DevilsAvocado;Feedback;4
adinallin;Feedback;1
Robotbling;FlashBoy;1
RetroDan;Main Virtual Boy Discussion;34
Lord Cubenes;Main Virtual Boy Discussion;2
Raijin Z;Main Virtual Boy Discussion;2
Specialt1212;Main Virtual Boy Discussion;2
darkknight109;Main Virtual Boy Discussion;3
VRMike;Marketplace;1
duqtito;Virtual Boy Development Board;1
Bernhard Mller;Feedback;1
gunpeiyokoifan;FlashBoy;4
Troglodyte;FlashBoy;2
glaros;FlashBoy;2
knocturne;Marketplace;1
CJZEPP;Marketplace;2
Trev;Offtopic;2
jrronimo;Virtual Boy Development Board;52
SuperMew98;Virtual Boy Development Board;2
akumie;FlashBoy;27
rcantor77;FlashBoy;1
jumpman;FlashBoy;1
Lester Knight;Main Virtual Boy Discussion;484
norty;Main Virtual Boy Discussion;15
Allen;Main Virtual Boy Discussion;37
virtualboyfan;Main Virtual Boy Discussion;7
Panzerblitz;Main Virtual Boy Discussion;1
speedyink;Offtopic;123
Schwanck;Virtual Boy Development Board;1
IOwnMyWiiULEGIT;Virtual Boy Development Board;10
Scooblee;Virtual Boy Development Board;5
Notshane;Virtual Boy Development Board;2
gryfang;Virtual Boy Development Board;4
SNK;Virtual Boy Development Board;1
Christian Hedemann;Feedback;1
SMVB64;FlashBoy;8
Undead;Main Virtual Boy Discussion;4
stanger63rd;Main Virtual Boy Discussion;1
Sisco;Main Virtual Boy Discussion;4
CMills;Marketplace;4
Nzdjh;Marketplace;3
Undead;Offtopic;1
GeoAnas;PVB Coding Competition 2013;1
SteveFlash;PVB Coding Competition 2013;4
Freeze;Virtual Boy Development Board;1
VirtualZoa;Virtual Boy Development Board;7
3L_S4N70;FlashBoy;1
Richard LP;FlashBoy;2
VectrexRoli;Main Virtual Boy Discussion;89
mariaud;Main Virtual Boy Discussion;6
mutchop;Marketplace;2
Joshtheleo;Marketplace;1
DaVince;Offtopic;43
(_) u a k e;Offtopic;1
Axs;Offtopic;3
sunuv;Offtopic;1
rubengar;PVB Coding Competition 2008;4
kasper;PVB Coding Competition 2008;2
Virual Jim;Virtual Boy Development Board;1
8bitmatt;Virtual Boy Development Board;2
sf_fan;Virtual Boy Development Board;1
SpiceWare;FlashBoy;1
InactiveX;Main Virtual Boy Discussion;30
Vaughanabe13;Main Virtual Boy Discussion;147
KoNeko;Main Virtual Boy Discussion;17
haaze707;Main Virtual Boy Discussion;5
Manwe;Main Virtual Boy Discussion;1
(_) u a k e;Main Virtual Boy Discussion;4
merc;Main Virtual Boy Discussion;2
mooshue;Main Virtual Boy Discussion;2
DaddaRuleKonge;Main Virtual Boy Discussion;4
knightrider666;Marketplace;1
Justin Hayabusa;Offtopic;1
chicgamer;Offtopic;2
silver2236;Offtopic;1
Dor-Si;Virtual Boy Development Board;7
Yackom;Virtual Boy Development Board;7
POLIWOG;Virtual Boy Development Board;1
Karnalg;Feedback;7
yakuza;FlashBoy;1
Fender119;Main Virtual Boy Discussion;2
adler_0;Main Virtual Boy Discussion;32
nibiru8722;Main Virtual Boy Discussion;3
czar_h;Main Virtual Boy Discussion;8
John;Main Virtual Boy Discussion;2
Martyg;Main Virtual Boy Discussion;1
MOLINASON;Main Virtual Boy Discussion;6
SenorBasil;Main Virtual Boy Discussion;4
drexegar;Main Virtual Boy Discussion;3
Drazic;Main Virtual Boy Discussion;1
VB_sage;Main Virtual Boy Discussion;2
JoePassive;Marketplace;8
vb-fan;Marketplace;17
Virtual Fiend;Marketplace;1
DaVince;Marketplace;1
Hebbe_84;Marketplace;2
czar_h;Offtopic;7
Italian Boy;PVB Coding Competition 2010;2
SmokeMonster;PVB Coding Competition 2013;1
jzagal;Virtual Boy Development Board;30
gamesbloke;Virtual Boy Development Board;8
MegaSilverX1;Virtual Boy Development Board;3
Ray;Feedback;1
Arseen;FlashBoy;1
Sbeehive;Main Virtual Boy Discussion;10
GeekNFreak;Main Virtual Boy Discussion;34
jorgeche;Main Virtual Boy Discussion;16
 + 0 / 9;Main Virtual Boy Discussion;2
renardqueenston;Main Virtual Boy Discussion;2
Ironhell;Marketplace;1
Diego;Offtopic;3
shiro_akechi;Offtopic;1
virtualboyfreak;Virtual Boy Development Board;12
Andreas J.;Feedback;1
Syxe66;Main Virtual Boy Discussion;3
That One;Main Virtual Boy Discussion;2
0dd;Main Virtual Boy Discussion;3
Lee Chapman;Main Virtual Boy Discussion;20
magic_bus;Main Virtual Boy Discussion;1
Starfox;Marketplace;2
NathanBarnatt;Offtopic;10
Wyndcrosser;Offtopic;8
DeAthWaGer;Offtopic;2
Dreammary;Virtual Boy Development Board;71
Pierce;Virtual Boy Development Board;1
jweinberg;Virtual Boy Development Board;27
irving;Virtual Boy Development Board;1
mariaud;Virtual Boy Development Board;1
sjp2;Virtual Boy Development Board;1
Chris Evans;Feedback;1
NathanBarnatt;Feedback;2
ectoglow;FlashBoy;2
seekaseeka;Main Virtual Boy Discussion;21
burnin;Main Virtual Boy Discussion;33
SNK;Main Virtual Boy Discussion;10
krebalo;Main Virtual Boy Discussion;1
tom_01997;Main Virtual Boy Discussion;2
Tonya;Main Virtual Boy Discussion;1
Xinorok;Main Virtual Boy Discussion;2
Kompressor;Main Virtual Boy Discussion;2
Shou;Main Virtual Boy Discussion;2
C4l^in;Main Virtual Boy Discussion;5
sandwich;Main Virtual Boy Discussion;2
WoLfMaN;Marketplace;6
DogP;Marketplace;13
pocket;Marketplace;1
Vaughanabe13;Offtopic;36
uzumaki;Offtopic;2
foil_lone_wolf;Offtopic;10
Cosmoliner;Virtual Boy Development Board;8
taoworm23;Virtual Boy Development Board;1
mawa;Feedback;2
jojobean;FlashBoy;16
cr1901;Main Virtual Boy Discussion;9
DeAthWaGer;Main Virtual Boy Discussion;23
drunkencat;Main Virtual Boy Discussion;20
celebi23;Main Virtual Boy Discussion;11
RobFRules;Main Virtual Boy Discussion;2
stranno;Main Virtual Boy Discussion;4
Jkelly;Main Virtual Boy Discussion;7
coliver80;Main Virtual Boy Discussion;4
RetroDan;Offtopic;9
modeltfordman;PVB Coding Competition 2013;1
Spinal;Virtual Boy Development Board;5
Dimentia;Virtual Boy Development Board;1
mawa;Virtual Boy Development Board;2
Erik;Virtual Boy Development Board;2
Marioguy;Feedback;2
Cobra71;FlashBoy;1
kuskus;FlashBoy;1
KGRAMR;Main Virtual Boy Discussion;42
VirtualDude;Main Virtual Boy Discussion;3
VBK2889;Main Virtual Boy Discussion;1
Cornholio;Main Virtual Boy Discussion;4
Gotmished;Main Virtual Boy Discussion;3
Virtual Jim;Marketplace;11
Propster;Marketplace;3
pinmagic;Virtual Boy Development Board;5
Protoman85;Feedback;3
brian schulman;Feedback;1
Zach the Xtra Guy;Feedback;1
Hedgetrimmer;FlashBoy;11
bitxero;Main Virtual Boy Discussion;8
JavOLeeN;Main Virtual Boy Discussion;1
Easycakeoven;Main Virtual Boy Discussion;8
husan93;Main Virtual Boy Discussion;1
nova1313;Marketplace;2
HP Lovethrash;Marketplace;12
Foulmoustache;Marketplace;5
Mintor;Offtopic;1
Princess;PVB Coding Competition 2008;1
L___E___T;PVB Coding Competition 2008;1
VirtualChris;PVB Coding Competition 2010;11
Fwirt;PVB Coding Competition 2010;24
Bomberman94;FlashBoy;3
Nitrosoxide;FlashBoy;1
DaVince;Main Virtual Boy Discussion;115
GeoAnas;Main Virtual Boy Discussion;16
tomkong97;Main Virtual Boy Discussion;3
amplibax;Main Virtual Boy Discussion;4
GEZ;Marketplace;11
VBRetroGamer;Marketplace;3
VirtualChris;Virtual Boy Development Board;578
Robert;Virtual Boy Development Board;2
DerekAutista;Virtual Boy Development Board;2
DrEvil;Virtual Boy Development Board;1
Johnny365;Feedback;2
Vague Rant;Main Virtual Boy Discussion;3
svenk91;Main Virtual Boy Discussion;36
TerryJ;Main Virtual Boy Discussion;14
Minggus;Main Virtual Boy Discussion;6
0XiX0;Main Virtual Boy Discussion;1
daniel;Main Virtual Boy Discussion;1
Autofaker;Offtopic;3
Koohiisan;Virtual Boy Development Board;14
DaytonaUSA;Virtual Boy Development Board;2
donhonk;Virtual Boy Development Board;2
dolphin-maniac;Feedback;1
badboybubby;FlashBoy;5
Marish V. Card;FlashBoy;1
RayXambeR;Main Virtual Boy Discussion;7
ashame2004;Main Virtual Boy Discussion;1
VBA HELP PLEASE!;Main Virtual Boy Discussion;1
0dd;Marketplace;1
gamesbloke;Offtopic;5
nensondubois;Virtual Boy Development Board;3
Spiderbite2002;Virtual Boy Development Board;1
JackFost;Main Virtual Boy Discussion;36
Kira;Main Virtual Boy Discussion;17
VirtualChris;Main Virtual Boy Discussion;123
VRJZ;Main Virtual Boy Discussion;2
lucifershalo;Main Virtual Boy Discussion;1
;Main Virtual Boy Discussion;7
GreDe85;Marketplace;1
Awesomessprime;Marketplace;2
GauBan;Marketplace;6
Italian Boy;Offtopic;14
VirtualMoose;Offtopic;2
lastkill3r;Offtopic;8
Cosmoliner;PVB Coding Competition 2013;2
Alfissta;Virtual Boy Development Board;1
Cyberdyne;FlashBoy;1
lucifershalo;FlashBoy;3
superwer;FlashBoy;2
Dor-Si;Main Virtual Boy Discussion;103
Octaedre;Main Virtual Boy Discussion;11
bucky;Main Virtual Boy Discussion;2
MunsonRoyE;Marketplace;2
Garrison;Offtopic;7
Metalkid91;Offtopic;1
dasi;PVB Coding Competition 2013;2
Andi;Feedback;1
skcin7;Feedback;1
vappy;Main Virtual Boy Discussion;1
Benny;Main Virtual Boy Discussion;3
Juan Solano;Main Virtual Boy Discussion;1
Timm;Main Virtual Boy Discussion;4
Ein Gast;Main Virtual Boy Discussion;2
NeoGojira;Main Virtual Boy Discussion;2
Matthew Callis;Main Virtual Boy Discussion;1
DPsx7;Marketplace;7
akumie;Marketplace;1
Tanuki;Marketplace;2
madmax;PVB Coding Competition 2008;2
Mike8redcoins;Virtual Boy Development Board;1
virtualnoob;Virtual Boy Development Board;3
Arvester;Virtual Boy Development Board;8
scopevanilla;Virtual Boy Development Board;4
UncleTusker;Virtual Boy Development Board;3
BGE;Feedback;1
nova1313;Main Virtual Boy Discussion;3
Ebisumaru;Main Virtual Boy Discussion;9
MichaelThurston;Main Virtual Boy Discussion;4
Mistanelsin;Main Virtual Boy Discussion;8
CAKE;Marketplace;1
Gato;Marketplace;1
Guy Perfect;Offtopic;12
Quate;Offtopic;2
Deadly-D;PVB Coding Competition 2008;7
Samuel;PVB Coding Competition 2008;5
One Punch Man;Virtual Boy Development Board;2
HP Lovethrash;Feedback;1
Sergio;Main Virtual Boy Discussion;2
goatdan;Main Virtual Boy Discussion;3
mrobins230;Main Virtual Boy Discussion;4
dRoSe;Main Virtual Boy Discussion;3
chrisgringo;Main Virtual Boy Discussion;2
VirtuousRage;Marketplace;3
duqtito;Marketplace;1
RareGameCollector;Offtopic;5
Italian Boy;PVB Coding Competition 2013;1
Craby;Virtual Boy Development Board;3
svenk91;Virtual Boy Development Board;2
virtualboyke;Virtual Boy Development Board;1
Akuma-Sama;Feedback;1
Gabor;Feedback;1
Ryan Hoss;FlashBoy;1
Johnny Phantom;Main Virtual Boy Discussion;79
Marioguy;Main Virtual Boy Discussion;12
SMVB64;Main Virtual Boy Discussion;9
help!;Main Virtual Boy Discussion;1
Callidus;Marketplace;1
tetris911;Offtopic;8
reality_boy;Virtual Boy Development Board;57
Robert Molander;Feedback;1
smashkid;Feedback;2
nothing;Feedback;1
MineStorm;Main Virtual Boy Discussion;148
Italian Boy;Main Virtual Boy Discussion;12
justice;Main Virtual Boy Discussion;1
Tack;Main Virtual Boy Discussion;1
jpkiller69;Main Virtual Boy Discussion;3
JSwoll;Main Virtual Boy Discussion;1
Michael Bernard;Main Virtual Boy Discussion;1
Captain_kelly;Marketplace;2
akumie;PVB Coding Competition 2010;32
Lester Knight;PVB Coding Competition 2010;1
3DBoyColor;PVB Coding Competition 2013;5
GeoAnas;Virtual Boy Development Board;5
the_red_one;Virtual Boy Development Board;3
Soma;Virtual Boy Development Board;1
Dr.Crackers;Virtual Boy Development Board;1
MeatAndPotatoes;Virtual Boy Development Board;1
DocDoak;Feedback;1
TrJ22487;Main Virtual Boy Discussion;3
popple;Main Virtual Boy Discussion;2
lostwithin;Main Virtual Boy Discussion;3
Quaze;Marketplace;25
mmora;Marketplace;1
MAXIMUS00;Offtopic;1
Dave_;PVB Coding Competition 2010;1
Mistanelsin;Virtual Boy Development Board;2
nerdyguy64;FlashBoy;2
Billy;Main Virtual Boy Discussion;7
forsaken92;Main Virtual Boy Discussion;3
drsreym;Main Virtual Boy Discussion;1
Mandy;Main Virtual Boy Discussion;2
Dreammary;Marketplace;57
nusilver;Marketplace;1
sea_man;Marketplace;2
ChrisR;Marketplace;2
CodeFish;Virtual Boy Development Board;2
wazzal;Virtual Boy Development Board;8
vbman;Virtual Boy Development Board;19
Combes;Feedback;1
rdk123;FlashBoy;9
shenmueso;FlashBoy;1
David Pimentel;Main Virtual Boy Discussion;4
RareGameCollector;Main Virtual Boy Discussion;1
Sinistar87;Main Virtual Boy Discussion;2
rubengar;Marketplace;1
Kyrushi;Offtopic;1
Michael Bernard;Offtopic;1
Nin;Virtual Boy Development Board;11
ferris;Virtual Boy Development Board;4
Glover;Virtual Boy Development Board;7
VB kirby;Feedback;3
jorgeche;FlashBoy;5
BoboTheGreat;FlashBoy;1
dasi;Main Virtual Boy Discussion;53
herc;Main Virtual Boy Discussion;3
UHATEIT;Main Virtual Boy Discussion;17
Try4ce;Main Virtual Boy Discussion;1
NiNiV;Main Virtual Boy Discussion;1
mik;Main Virtual Boy Discussion;4
Matt Fisher;Main Virtual Boy Discussion;5
BlinksTale;Main Virtual Boy Discussion;2
Stewie;Main Virtual Boy Discussion;2
introvert;Main Virtual Boy Discussion;2
ArcadeAddict;Marketplace;1
FeistyGirl;Offtopic;1
bubbletopsebas;Offtopic;2
GauBan;Offtopic;2
Arvester;PVB Coding Competition 2013;3
DocAetzn;Virtual Boy Development Board;6
Mintor;Virtual Boy Development Board;8
Baptist;Virtual Boy Development Board;2
Chaz;Feedback;2
Alexander;Feedback;2
husan93;FlashBoy;3
jzagal;Main Virtual Boy Discussion;62
bd974;Main Virtual Boy Discussion;4
dentaku;Main Virtual Boy Discussion;5
Twilight_Fenrir;Main Virtual Boy Discussion;1
Marty866;Main Virtual Boy Discussion;2
virtualman1995;Main Virtual Boy Discussion;1
the_importer;Marketplace;9
trippstatic;Offtopic;6
One Punch Man;Offtopic;5
Jagman67;PVB Coding Competition 2013;2
Heppner;Virtual Boy Development Board;3
AdamDud;Virtual Boy Development Board;1
TheForce81;Feedback;33
Guy Perfect;Feedback;5
Jeff;Main Virtual Boy Discussion;12
benzin;Main Virtual Boy Discussion;2
ALLeyeCisRED;Main Virtual Boy Discussion;2
Phed;Marketplace;1
manicfoot;Marketplace;15
nopantsx;Marketplace;2
HorvatM;Offtopic;30
nintendoclassic;Offtopic;2
Travis;Offtopic;1
Angry_Sun;Offtopic;2
VBmills;VB Dev Repository;1
AndrewW;Virtual Boy Development Board;2
3L_S4N70;Virtual Boy Development Board;2
roelvdm3;Virtual Boy Development Board;1
jzagal;Feedback;8
Bruno;Feedback;2
VBmills;Feedback;3
eric;Feedback;1
Marulu;Main Virtual Boy Discussion;6
KM;Main Virtual Boy Discussion;1
sofiane;Main Virtual Boy Discussion;1
L___E___T;Marketplace;14
Jim;Offtopic;7
KR155E;PVB Coding Competition 2008;34
Chalvo;Virtual Boy Development Board;1
raistlin77it;Virtual Boy Development Board;1
famiac;Virtual Boy Development Board;9
M-A-D-M-A-X;Virtual Boy Development Board;1
Fredde;Feedback;1
Poohie53;FlashBoy;1
glaros;Main Virtual Boy Discussion;43
Nanis;Main Virtual Boy Discussion;30
Simonbelmont78;Main Virtual Boy Discussion;2
xenon;Main Virtual Boy Discussion;4
Revival Studios;Main Virtual Boy Discussion;2
him7666;Main Virtual Boy Discussion;4
Corrifa2;Main Virtual Boy Discussion;1
SuperRetroBrosBlog;Marketplace;8
atari24;Offtopic;1
OoZic;Offtopic;4
RunnerPack;PVB Coding Competition 2008;14
atari24;Virtual Boy Development Board;15
bazilbourgeois;Feedback;1
Benjamin Stevens;FlashBoy;27
vbsteffel;Main Virtual Boy Discussion;17
Fr0st;Main Virtual Boy Discussion;6
gamesbloke;Main Virtual Boy Discussion;7
mips5000;Marketplace;1
good evening;Offtopic;1
Samuel;Offtopic;2
speedyink;PVB Coding Competition 2010;2
3DBoyColor;Virtual Boy Development Board;10
ManaSmack;Feedback;1
badboybubby;Feedback;1
RadioClash;Feedback;1
mathew;FlashBoy;2
Duane;FlashBoy;2
sTo0z;FlashBoy;1
Splain;Main Virtual Boy Discussion;16
JoePassive;Main Virtual Boy Discussion;31
SmokeMonster;Main Virtual Boy Discussion;4
FeistyGirl;Main Virtual Boy Discussion;23
Supa Hot Fire;Main Virtual Boy Discussion;1
Yart;Main Virtual Boy Discussion;2
nifwji;Main Virtual Boy Discussion;4
8bitmatt;Marketplace;3
trueskins;Marketplace;12
gamesbloke;Marketplace;1
Ayce;Marketplace;1
Canucktim;Marketplace;1
xenon;Offtopic;8
Freeze;Feedback;6
VBrulez;Feedback;1
KingDedede;FlashBoy;2
drunkencat;FlashBoy;3
Dreammary;FlashBoy;11
frenchievb;Main Virtual Boy Discussion;12
edracon;Main Virtual Boy Discussion;61
thitherton;Main Virtual Boy Discussion;3
SHAWN;Main Virtual Boy Discussion;1
GreDe85;Main Virtual Boy Discussion;2
virtualnoob;Marketplace;2
Alfissta;Offtopic;4
ZueriHB;Offtopic;1
Protoman85;Virtual Boy Development Board;21
HP Lovethrash;Virtual Boy Development Board;16
WoLfMaN;Feedback;3
seekaseeka;FlashBoy;3
MrX;FlashBoy;2
dotnfo;FlashBoy;1
ciderman;FlashBoy;2
Breedlove;FlashBoy;1
Dagmar;FlashBoy;1
eebuckeye;FlashBoy;1
KAOS;Main Virtual Boy Discussion;3
Dr. Jeckidy;Main Virtual Boy Discussion;3
Tower of Infinity;Main Virtual Boy Discussion;1
Nightowljrm;Main Virtual Boy Discussion;16
Artie;Main Virtual Boy Discussion;2
Alexander;Offtopic;1
foil_lone_wolf;Virtual Boy Development Board;4
DanB;Feedback;24
VBrulez;FlashBoy;7
Heliowalton;FlashBoy;2
trippstatic;FlashBoy;5
Atari26003;Main Virtual Boy Discussion;9
NamelessFPG;Main Virtual Boy Discussion;35
Virtual Jim;Main Virtual Boy Discussion;11
VirtualMoose;Main Virtual Boy Discussion;2
stuey;Main Virtual Boy Discussion;3
Jim;Marketplace;7
glaros;Marketplace;6
Willy105;Offtopic;4
Alex;Offtopic;9
Nanis;Offtopic;2
Dreammary;PVB Coding Competition 2010;3
NXRevolution;Virtual Boy Development Board;2
lameboyadvance;Feedback;19
juanignacioriesco2;Main Virtual Boy Discussion;1
Protoman85;PVB Coding Competition 2010;4
Virtualboyblows;Virtual Boy Development Board;1
Atari26003;FlashBoy;2
Virtuanatic;FlashBoy;1
Nesmaster75;FlashBoy;1
Jim;Main Virtual Boy Discussion;13
Rocksteady;Main Virtual Boy Discussion;3
Gamist;Main Virtual Boy Discussion;3
astro187;Marketplace;4
Arius Geist;Offtopic;1
Fr0st;Offtopic;3
shenmueso;Offtopic;4
shiro_akechi;PVB Coding Competition 2013;1
VirtuousRage;Virtual Boy Development Board;3
terminalinsanity;Virtual Boy Development Board;1
VectrexRoli;Feedback;1
Prodigy;FlashBoy;1
manic23;Main Virtual Boy Discussion;4
Radiac;Main Virtual Boy Discussion;6
matthew rafalko;Main Virtual Boy Discussion;1
Elisha;Main Virtual Boy Discussion;1
Opeth;Marketplace;11
Scottj10;Marketplace;3
ntcmpjg;Marketplace;4
jzagal;Offtopic;5
Squeegor;Offtopic;3
Deadly-D;PVB Coding Competition 2010;1
XJaPaN;Virtual Boy Development Board;3
_shameless_;Virtual Boy Development Board;1
virtualboyfan;Virtual Boy Development Board;2
Artie;Virtual Boy Development Board;2
TheGrandPubaa;Virtual Boy Development Board;1
gunpeiyokoifan;Feedback;19
SoBS;Feedback;1
cause415;FlashBoy;1
Stein;Main Virtual Boy Discussion;11
hELLrIPPER;Main Virtual Boy Discussion;1
IOwnMyWiiULEGIT;Main Virtual Boy Discussion;19
Homsar3;Main Virtual Boy Discussion;1
isolomon6;Main Virtual Boy Discussion;1
Mycah;Main Virtual Boy Discussion;3
jrodrigue2;Main Virtual Boy Discussion;2
Fire-WSP;Marketplace;17
Twila;Offtopic;1
P3n0r;Offtopic;1
KR155E;VB Dev Repository;6
Stein;Virtual Boy Development Board;10
Brian S.;Virtual Boy Development Board;1
GabrielHanson2000;Feedback;8
RileyVB;Feedback;1
Lester Knight;FlashBoy;60
basscadet;FlashBoy;1
Motament;Main Virtual Boy Discussion;9
Bonehead Braixen;Offtopic;3
lameboyadvance;Offtopic;21
M.K.;PVB Coding Competition 2008;8
Hedgetrimmer;PVB Coding Competition 2010;8
Lackey;Virtual Boy Development Board;2
LucasWeatherby;Virtual Boy Development Board;2
hultsimer;Feedback;1
mavness;FlashBoy;3
marioweezer;FlashBoy;4
Blue0524;Main Virtual Boy Discussion;9
koifish;Main Virtual Boy Discussion;2
Dagmar;Main Virtual Boy Discussion;1
trippstatic;Marketplace;20
Dimentia;Offtopic;3
DanB;PVB Coding Competition 2008;6
Dave_;PVB Coding Competition 2008;5
RunnerPack;PVB Coding Competition 2010;17
DogP;PVB Coding Competition 2013;22
LS650;Feedback;3
tjsynkral;FlashBoy;1
DevilsAvocado;FlashBoy;4
DogP;Main Virtual Boy Discussion;767
skcin7;Main Virtual Boy Discussion;2
Propane13;Main Virtual Boy Discussion;14
bennybtl;Main Virtual Boy Discussion;1
Tighe;Main Virtual Boy Discussion;6
8bitmatt;Main Virtual Boy Discussion;9
Bustedboy2;Marketplace;2
Buck Russell;Offtopic;1
octopus;Offtopic;1
RareGameCollector;Virtual Boy Development Board;1
Planlos1988;Virtual Boy Development Board;1
Tauwasser;Feedback;21
DaNDeE;FlashBoy;4
Tanuki;FlashBoy;5
DerSchatten;FlashBoy;2
virtualnoob;Main Virtual Boy Discussion;22
madmax;Main Virtual Boy Discussion;5
keneda;Main Virtual Boy Discussion;10
kitaro;Main Virtual Boy Discussion;1
Magus;Main Virtual Boy Discussion;4
Streex;Main Virtual Boy Discussion;2
Philipxb;Main Virtual Boy Discussion;9
Weatherton;Main Virtual Boy Discussion;1
mawa;Marketplace;30
SSJ Lance;Marketplace;5
tcr9315;Offtopic;1
emul8this;Offtopic;3
gladders;Offtopic;1
enfilade;Virtual Boy Development Board;7
ParanoidAndroid;Virtual Boy Development Board;2
Foxx;Virtual Boy Development Board;1
retrocute;Feedback;1
Baptist;FlashBoy;10
dj898;FlashBoy;2
VirtualChris;FlashBoy;4
victorboy;Main Virtual Boy Discussion;12
StrayFelisCatus;Main Virtual Boy Discussion;4
Nasum;Main Virtual Boy Discussion;2
VBERIC;Main Virtual Boy Discussion;1
blitter;Marketplace;1
diisco;Offtopic;5
iMac G4;Offtopic;2
Issa;Virtual Boy Development Board;1
Okonomiyaki;Virtual Boy Development Board;2
Morintari;Feedback;5
Jason;Feedback;1
PeckGoesVirtual;Main Virtual Boy Discussion;5
ectoglow;Main Virtual Boy Discussion;36
Axs;Main Virtual Boy Discussion;14
madone;Main Virtual Boy Discussion;1
akumie;Offtopic;31
wazzal;Offtopic;13
Master Chief 2363;Offtopic;1
UHATEIT;Virtual Boy Development Board;2
